result_id,stage,observation,numerical_evidence,evidence_class,interpretation,supports,does_not_support,remaining_gap,manuscript_safe_wording,source_keys,source_paths,source_sha256
R01,05F2,"The high-band effect changes little after text-only blanking, but drops substantially at the crop-only transition.",TEXT_ONLY−RAW = +0.0054165112; CROP_ONLY−RAW = −0.0391425304; LOCALIZE_ONLY−CROP_ONLY = −0.0001572699; CLEAN−LOCALIZE_ONLY = −0.0001045733.,preprocessing_ablation,"The dominant high-band change enters when the raster is cropped/reframed, not during text removal and not during the later resize/pad component.",Localization of the instability to the crop/new-raster-support transition.,Does not identify the precise geometric mechanism and does not establish interpolation as the cause.,Determine which property of the changed raster support tracks the spectral redistribution.,A preprocessing ablation localized the high-band change primarily to the crop-only transition; subsequent resize/pad processing produced negligible additional change.,05F2_LOG,/Users/nitikagupta/Research/WeaveAI/papers/Paper-II/reproducibility/audits/05K4_D0_2_05F_replay_capture/P2_R0_05F2_replay_full_log.txt,8208e3d7674d221e159919b1525c7c7c09e725315f707f3d254da530b8e96ff5
R02,05G1,The crop contained the exact retained RAW garment pixels and mapped its foreground centroid back to the RAW frame with zero error.,Maximum centroid map-back error = 0.0; retained crop intensities unchanged.,descriptive_geometry,Cropping did not alter retained pixel intensities or the garment centroid in source coordinates.,Rules out retained-pixel modification and centroid movement as necessary explanations for the observed RAW→CROP spectral change.,Centroid invariance does not imply spectral invariance because the representation also depends on raster-relative coordinates.,Quantify how garment extent relative to raster support changes after cropping.,"The retained crop pixels and source-coordinate centroid were unchanged, indicating that centroid displacement or pixel modification was not required for the spectral shift.",05G1_METRICS,/Users/nitikagupta/Research/paper2_r0_05g_frame_border_gradient/P2_R0_05G1_frame_border_gradient_metrics.csv,d40b052db1ca17b5f91d2a20cb57caa9d66930a53b341eb80804a292fa75c055
R03,05G1,Cropping substantially changed foreground occupancy and frame-relative image geometry.,Median crop area fraction = 0.2559; RAW foreground fraction = 0.02293; CROP foreground fraction = 0.09448; radius/grid ratio median 0.92886→0.92238; gradient mean 0.03476→0.14179; border-gradient fraction 0.00066→0.07234.,descriptive_geometry,The crop changes how the same garment content occupies the raster frame.,A raster-support mechanism is geometrically plausible.,Gradient concentration or border-gradient change alone cannot be labeled causal from these descriptives.,Test which frame-relative descriptors actually track spectral change across images.,Cropping markedly altered garment occupancy and frame-relative geometry despite preserving retained garment pixels.,05G1_METRICS,/Users/nitikagupta/Research/paper2_r0_05g_frame_border_gradient/P2_R0_05G1_frame_border_gradient_metrics.csv,d40b052db1ca17b5f91d2a20cb57caa9d66930a53b341eb80804a292fa75c055
R04,05G2,"Among the tested frame/support descriptors, change in foreground radius relative to grid radius showed the strongest surviving association with high-frequency spectral change.","Category-centered rho for Δ high fraction = +0.268988, p=0.000200, q=0.002200; rho for Δ log high energy = +0.290318, p=0.000100, q=0.001650.",observational_association,The instability tracks radial scale relative to raster support more strongly than centroid displacement or border-gradient change.,Prioritizes raster-relative radial support as a candidate mechanism for controlled testing.,Association does not establish causation.,Confirm the association in the full population using a more robust support descriptor.,Exploratory association analysis implicated garment extent relative to raster support as the strongest candidate descriptor of the spectral redistribution.,05G2_ASSOC,/Users/nitikagupta/Research/paper2_r0_05g_frame_border_gradient/P2_R0_05G2_mechanism_associations.csv,f632a572ec9c5b5f0102bd884178469ebd2774e178ac83c083423fc6ba4a6faf
R05,05J,"Across all 2,300 images, crop-induced change in robust q99 radius relative to grid size was associated with systematic redistribution across the four bands.",Δq99/grid associations: low rho = −0.332738; mid rho = −0.155208; highmid rho = +0.345008; high rho = +0.257411; all reported q = 0.000150.,population_observational_association,Larger crop-induced changes in raster-relative garment extent are associated with reduced low/mid allocation and increased highmid/high allocation.,A population-wide relationship between raster-relative support change and spectral redistribution.,The association is not deterministic and does not by itself establish that support change causes the spectral redistribution.,Directly manipulate raster support while holding garment pixels unchanged.,"At population scale, the magnitude of crop-induced raster-relative support change was associated with redistribution from lower toward higher angular-frequency bands.",05J_ASSOC;05J_METRICS,/Users/nitikagupta/Research/paper2_r0_05i_real_garment_canvas/P2_R0_05I6_highfreq_text_tightsupport/P2_R0_05J_population_support_spectral_audit_v2/P2_R0_05J_associations.csv ; /Users/nitikagupta/Research/paper2_r0_05i_real_garment_canvas/P2_R0_05I6_highfreq_text_tightsupport/P2_R0_05J_population_support_spectral_audit_v2/P2_R0_05J_per_image_population_metrics.csv,5c9a584ea5bca6ba4159f089722a5982ae120f8c1083675c11e06e805cd9fc6e ; f667d8850c43001f1ee251bc2c14f18765a5289c0ebf8e8be42b972e03f6995a
R06,05J,"Images with larger support change showed larger spectral redistribution, and all 23 category medians showed positive RAW→CROP high-band change.",Q1 vs Q4 Δq99/grid: 0.062476 vs 0.483714; Δlow +0.012615 vs −0.018741; Δhighmid +0.005523 vs +0.027711; Δhigh +0.013246 vs +0.041898; L1 0.127022 vs 0.160238. 23/23 category median Δhigh positive.,population_descriptive_stratification,The observational relationship is broadly distributed rather than confined to a small number of categories.,Breadth of the association across the dataset.,Still does not provide intervention-based causal evidence.,Controlled same-pixel support intervention.,Support-change strata and category summaries indicated that the association was broadly distributed across garment classes.,05J_STRATA;05J_CATEGORY,/Users/nitikagupta/Research/paper2_r0_05i_real_garment_canvas/P2_R0_05I6_highfreq_text_tightsupport/P2_R0_05J_population_support_spectral_audit_v2/P2_R0_05J_support_change_strata.csv ; /Users/nitikagupta/Research/paper2_r0_05i_real_garment_canvas/P2_R0_05I6_highfreq_text_tightsupport/P2_R0_05J_population_support_spectral_audit_v2/P2_R0_05J_category_summary.csv,bc6ecf96c0e9674daa419c6b06ad6147d477e6168fb5ef3eb3bd95d630b53eb3 ; a15f0c94a48b4e6a476c58bc8a1131a0bdcdeb3cc60d195363c595fd7711f66f
R07,05K2-B2,"In ten preregistered diagnostic sentinels, enlarging blank raster support while keeping the embedded garment pixels unchanged generally produced the inverse spectral direction to crop tightening.",At s=3 endpoint concordance: low 8/10; highmid 9/10; high 8/10. Full-trajectory monotonicity: low 5/10; highmid 6/10; high 4/10.,controlled_intervention_diagnostic,A support-only intervention is capable of changing the historical raster-relative spectrum in the predicted opposite direction.,Feasibility and direction of the controlled support intervention.,Ten sentinels are not population evidence and do not establish universal monotonic trajectories.,Scale the intervention beyond diagnostic sentinels.,Diagnostic same-pixel support interventions showed the predicted inverse endpoint direction while also revealing substantial image-level trajectory heterogeneity.,05K2_REPORT,/Users/nitikagupta/Research/WeaveAI/papers/Paper-II/reproducibility/frozen/05K2_B2_Sentinel_Trajectory_Analysis_v1_0/P2_R0_05K2_B2_report.json,46383baa02a7c33c55e5ec65e32c38493cfd5e8e0f32df58cc19501a3a073f18
R08,05K3-D,The 230-case deterministic calibration reproduced the support-intervention direction broadly across images and all categories.,"s=3 endpoint concordance: low 208/230 (90.4%); highmid 200/230 (87.0%); high 194/230 (84.3%). Category medians: 23/23 in the predicted direction for low, highmid, and high.",controlled_intervention_calibration,The sentinel behavior extends to a substantially broader deterministic calibration set.,Justifies full-population execution of the preregistered support intervention.,The lexicographically selected calibration set is not a random representative sample and was not used for population inference.,"Execute the intervention over all 2,300 images.","A 230-case calibration reproduced the predicted endpoint direction across all 23 garment categories, motivating full-population evaluation.",05K3_REPORT;05K3_CATEGORY,/Users/nitikagupta/Research/WeaveAI/papers/Paper-II/reproducibility/frozen/05K3_D_Calibration_Trajectory_Analysis_v1_0/P2_R0_05K3_D_report.json ; /Users/nitikagupta/Research/WeaveAI/papers/Paper-II/reproducibility/frozen/05K3_D_Calibration_Trajectory_Analysis_v1_0/P2_R0_05K3_D_category_endpoint_summary_23.csv,4ad144a58f16149c69374843e5bbd8197a9710b111296557b33fbcd42b6c8c8b ; 60fdf63ccdd7fbe2686914580759b4c2e0819a2ad5bf32171103681fad950573
R09,05K4-C,The object-relative representation remained exactly unchanged under every primary support intervention.,"Intrinsic field exact 16,100/16,100; intrinsic bands exact 16,100/16,100; maximum field difference = 0.0; maximum band difference = 0.0.",controlled_primary_intervention_control,Removing raster-grid dependence through object-relative coordinates eliminates the tested support sensitivity.,The observed dependence is representation-specific and is absent under the tested object-relative normalization.,Does not imply universal invariance of the object-relative representation to arbitrary transformations.,None for the tested support-only intervention; broader transformational robustness remains outside this audit.,"The matched object-relative representation was exactly invariant to all 16,100 support conditions.",05K4_REPORT,/Users/nitikagupta/Research/WeaveAI/papers/Paper-II/reproducibility/frozen/05K4_C_Primary_Trajectory_Inference_v1_0/P2_R0_05K4_C_report.json,9bd7a370176dd805681e377e3f2cdfcb3f06d6ea24c7619c735d26cad1a53e6b
R10,05K4-C,"Across the full 2,300-image intervention, most images changed in the preregistered endpoint direction.",low increase 2104/2300 (91.5%); highmid decrease 2059/2300 (89.5%); high decrease 2008/2300 (87.3%).,controlled_primary_intervention_descriptive,The endpoint response is broad at image level.,Broad response to the support-only intervention.,Image rows are not treated as independent inferential units.,Use category-level inferential units to evaluate the preregistered directional endpoint.,"At the image level, the preregistered endpoint direction was observed in approximately 87–92% of sketches across the three directional bands.",05K4_IMAGE,/Users/nitikagupta/Research/WeaveAI/papers/Paper-II/reproducibility/frozen/05K4_C_Primary_Trajectory_Inference_v1_0/P2_R0_05K4_C_per_image_endpoint_summary_2300.csv,ee2993069e3a3b062e411dc9acbedda81039eb33aee3993a100908a12fe27e19
R11,05K4-C,"All 23 category median endpoint effects agreed with the preregistered support-enlargement direction, with exact category-level sign-flip support after joint max-T familywise correction.",Category concordance: 23/23 for all three tested bands. Median category effects: low +0.052497; highmid −0.035074; high −0.046223. Exact max-T FWER p: low 1.430511e−06; highmid 1.192093e−07; high 1.192093e−07.,controlled_primary_intervention_inference,"Changing raster support alone, with embedded garment pixels fixed, produces a systematic directional change in the historical raster-relative spectral representation.",Dependence of the frozen historical representation on raster support under the tested intervention.,"Does not establish that raster support is the only source of spectral variation, and does not justify external-population generalization.",Scientific synthesis with the earlier observational and localization evidence; no additional support experiment is required to establish the tested dependency.,"In the full same-pixel intervention, all 23 category medians changed in the preregistered direction, with exact category-level sign-flip inference remaining supported after joint max-T familywise correction.",05K4_CATEGORY;05K4_INFERENCE,/Users/nitikagupta/Research/WeaveAI/papers/Paper-II/reproducibility/frozen/05K4_C_Primary_Trajectory_Inference_v1_0/P2_R0_05K4_C_category_endpoint_effects_23.csv ; /Users/nitikagupta/Research/WeaveAI/papers/Paper-II/reproducibility/frozen/05K4_C_Primary_Trajectory_Inference_v1_0/P2_R0_05K4_C_exact_category_signflip_inference.csv,91f549289f95bc0beae723c66a2ed4d71169c63f4894200345376ac2d397dc41 ; a378b36f457fced975967f75cfb229e9a6b8798fcafd649e93f97f948727bde7
R12,05K4-C,"Aggregate median spectral displacement increased across support levels, but individual-image trajectories were frequently non-monotonic.","Median four-band L1 from s=1: 0.000000, 0.045464, 0.072890, 0.099140, 0.132808, 0.157245, 0.179920 for s=1.00,1.10,1.25,1.50,2.00,2.50,3.00. Individual monotonicity: low 1171/2300 (50.9%); highmid 1015/2300 (44.1%); high 869/2300 (37.8%); L1 nondecreasing 1296/2300 (56.3%).",controlled_primary_intervention_descriptive,"The population-level response is graded in aggregate, while local image-level trajectories remain heterogeneous.",Aggregate support sensitivity together with substantial per-image heterogeneity.,Does not support a deterministic monotonic law for every garment image.,"Heterogeneity could be studied separately, but it is not required for the current support-dependence conclusion.","Median displacement increased progressively with added support, although individual trajectories were often non-monotonic.",05K4_SUPPORT;05K4_IMAGE,/Users/nitikagupta/Research/WeaveAI/papers/Paper-II/reproducibility/frozen/05K4_C_Primary_Trajectory_Inference_v1_0/P2_R0_05K4_C_support_level_descriptive_summary.csv ; /Users/nitikagupta/Research/WeaveAI/papers/Paper-II/reproducibility/frozen/05K4_C_Primary_Trajectory_Inference_v1_0/P2_R0_05K4_C_per_image_endpoint_summary_2300.csv,f8bfc45ec6fd0f4a156b7e20db66bd476e3c19e2bdfe5ba91c2fdb98166b0b93 ; ee2993069e3a3b062e411dc9acbedda81039eb33aee3993a100908a12fe27e19
