row_index,role,relative_path,v3_vs_s1_array_equal,v3_vs_s1_max_pixel_diff,v3_pixel_sha256,s1_pixel_sha256,intrinsic_field_exact,intrinsic_field_max_abs_diff,nonempty_shell_exact,foreground_pixels,centroid_x,centroid_y,max_foreground_radius_px,mass_error,conditional_normalization_error,historical_raster_low_1_4,replayed_raster_low_1_4,raster_absdiff_low_1_4,historical_raster_mid_5_12,replayed_raster_mid_5_12,raster_absdiff_mid_5_12,historical_raster_highmid_13_24,replayed_raster_highmid_13_24,raster_absdiff_highmid_13_24,historical_raster_high_25_36,replayed_raster_high_25_36,raster_absdiff_high_25_36
185,S07,Bermuda/8-5.tif,True,0,9771b7909856f36285ef4987663e149bfa2959c5cc7944406a41daacc0215945,9771b7909856f36285ef4987663e149bfa2959c5cc7944406a41daacc0215945,True,0,True,4107,79.203067932797666,72.455076698319942,96.230290367804685,0,1.1102230246251565e-16,0.2485175981394348,0.24851759813943475,5.5511151231257827e-17,0.2723421806197231,0.27234218061972315,5.5511151231257827e-17,0.27533876765631288,0.27533876765631288,0,0.20380145358452911,0.20380145358452914,2.7755575615628914e-17
432,S05,Circle/3_2.tif,True,0,cb56243c20f54e41cff726cd927e35433857b1b8ab66a13598aed05f0952ed53,cb56243c20f54e41cff726cd927e35433857b1b8ab66a13598aed05f0952ed53,True,0,True,28869,217.38013093629846,277.54788873878556,250.49261511537608,0,1.1102230246251565e-16,0.26738800311495819,0.26738800311495819,0,0.34859193049348508,0.34859193049348508,0,0.27325804403189419,0.2732580440318943,1.1102230246251565e-16,0.11076202235966261,0.11076202235966262,1.3877787807814457e-17
781,S01,Harem/8-10.tif,True,0,4bbf5d902698615019536e57e5cf0dea2516e5a9fd263c73487638bd2348c690,4bbf5d902698615019536e57e5cf0dea2516e5a9fd263c73487638bd2348c690,True,0,True,23368,175.92155939746661,260.31217904827116,366.57508124342638,0,1.1102230246251565e-16,0.2252097177210195,0.22520971772101944,5.5511151231257827e-17,0.25833956160816107,0.25833956160816118,1.1102230246251565e-16,0.31406890917196728,0.31406890917196728,0,0.20238181149885209,0.20238181149885209,0
1024,S04,Jumpsuit/2_5.tif,True,0,3c0905becff6f25ee73be51045748ed729a084b2b3340278a19ddbe40e97721c,3c0905becff6f25ee73be51045748ed729a084b2b3340278a19ddbe40e97721c,True,0,True,26374,122.0111094259498,474.63539849852128,638.71342304748703,0,1.1102230246251565e-16,0.36902693111265478,0.36902693111265483,5.5511151231257827e-17,0.1912967398464884,0.19129673984648846,5.5511151231257827e-17,0.1907562874133604,0.19075628741336043,2.7755575615628914e-17,0.2489200416274962,0.24892004162749626,5.5511151231257827e-17
1086,S02,Jumpsuit/8_2.tif,True,0,6c50094c3acaff3d55fe73a906af193ae5cc448630bf19317f61f8a27554227b,6c50094c3acaff3d55fe73a906af193ae5cc448630bf19317f61f8a27554227b,True,0,True,27978,208.68246479376654,335.70798484523556,583.21348633794241,0,1.1102230246251565e-16,0.42671644562601918,0.42671644562601918,0,0.24162121414172791,0.24162121414172794,2.7755575615628914e-17,0.2264564593351715,0.22645645933517153,2.7755575615628914e-17,0.10520588089708149,0.10520588089708154,4.163336342344337e-17
1349,S08,Pencil/4-9.tif,True,0,266a50a45cd9bef0248919abcc8d58bef2e1bca322224b6bd2e2c999629247f0,266a50a45cd9bef0248919abcc8d58bef2e1bca322224b6bd2e2c999629247f0,True,0,True,34563,146.75965627983683,370.03879871538931,377.39003211320647,0,1.1102230246251565e-16,0.32527170547221912,0.32527170547221917,5.5511151231257827e-17,0.22843566884388369,0.22843566884388372,2.7755575615628914e-17,0.27859188364542969,0.27859188364542969,0,0.16770074203846749,0.16770074203846758,8.3266726846886741e-17
1591,S09,Shirt/9_10.tif,True,0,29ffbccfcb9080fa5ea5ec4322e660b9037d8d7b7d5207764da061ce2e7170b4,29ffbccfcb9080fa5ea5ec4322e660b9037d8d7b7d5207764da061ce2e7170b4,True,0,True,11764,152.86781706902414,171.03961237674261,198.73730266674502,0,1.1102230246251565e-16,0.22591247653399249,0.22591247653399252,2.7755575615628914e-17,0.27136965955944542,0.27136965955944536,5.5511151231257827e-17,0.26438579391406331,0.26438579391406336,5.5511151231257827e-17,0.23833206999249859,0.23833206999249862,2.7755575615628914e-17
1625,S03,Skinny/2-5.tif,True,0,a958eeb246938f9d39e4d58e888bfe3d1bc508d65d54b31751dc7f65aad78238,a958eeb246938f9d39e4d58e888bfe3d1bc508d65d54b31751dc7f65aad78238,True,0,True,28615,157.98874716058012,341.14576271186439,500.71816589421127,0,1.1102230246251565e-16,0.2912233499102288,0.2912233499102288,0,0.1867200544070782,0.18672005440707826,5.5511151231257827e-17,0.2208072162788913,0.2208072162788913,0,0.30124937940380159,0.30124937940380159,0
1824,S06,Suit/2-4.tif,True,0,d7b2c1665d5682f9309532178312accdda485f5111b2de9648e944728e5fbf9e,d7b2c1665d5682f9309532178312accdda485f5111b2de9648e944728e5fbf9e,True,0,True,35785,243.40958502165711,285.30132737180384,342.32159891743737,0,2.2204460492503131e-16,0.21276397238886069,0.21276397238886069,0,0.26368628519066339,0.26368628519066345,5.5511151231257827e-17,0.29174449274189718,0.29174449274189718,0,0.2318052496785786,0.23180524967857863,2.7755575615628914e-17
2007,S10,Tunic/10_7.tif,True,0,2c6a466b287a88a15a5bd2a7eb2938a74869fd2691f2d4bd1443422f0f3b598b,2c6a466b287a88a15a5bd2a7eb2938a74869fd2691f2d4bd1443422f0f3b598b,True,0,True,8271,141.80945472131543,302.61830492080765,304.84447620754145,0,1.1102230246251565e-16,0.2277151238429744,0.22771512384297443,2.7755575615628914e-17,0.26318378571818341,0.26318378571818346,5.5511151231257827e-17,0.31233047751574933,0.31233047751574933,0,0.19677061292309281,0.19677061292309284,2.7755575615628914e-17
