comparison_item,Zhang_Lu_GFD,WeaveAI_05H_intrinsic,Historical_WeaveAI,scientific_status
Representation purpose,Generic handcrafted shape descriptor for shape-based retrieval.,Object-relative radial-angular representation used as the matched support-invariant control/audit representation.,Frozen radial-angular spectral representation used in the historical retrieval pipeline.,DIFFERENT PURPOSES; RELATED REPRESENTATION FAMILY
Input geometry,2-D shape region,Foreground/object geometry represented in a radial-angular field.,Foreground/object geometry represented in a radial-angular field.,RELATED
Coordinate origin,Object centroid / center of mass,Foreground centroid,Historical coordinate construction; centroid-relative geometry combined with raster/grid-relative scale.,GFD AND 05H OBJECT-CENTRED; HISTORICAL IMPLEMENTATION RETAINS GRID DEPENDENCE
Radial scale normalization,Object-derived maximum radius,Maximum foreground/object radius,Raster/grid-derived radius normalization,CRITICAL DIFFERENCE BETWEEN OBJECT-RELATIVE AND HISTORICAL REPRESENTATION
External blank canvas enters coordinate definition?,"Not intended to, after object-centred/object-scale normalization.",No under tested same-pixel support intervention; 05K observed exact invariance.,Yes. Raster dimensions affect the normalized coordinate domain.,CENTRAL 05K DISTINCTION
Polar / radial-angular domain,Yes — polar-raster representation,Yes — object-relative radial-angular field,Yes — radial-angular field,STRONG FAMILY OVERLAP
Whole-region versus single contour,Region-based polar raster,Dense/occupancy-style object-relative field; not merely one outer r(theta) contour.,Dense radial-angular representation; not simply an elliptic Fourier contour descriptor.,STRONG CONCEPTUAL OVERLAP
Spectral transform,2-D Fourier transform in polar raster coordinates,Frozen radial-angular spectral computation with angular-frequency analysis.,Frozen radial-angular spectral computation with angular-frequency analysis.,RELATED FOURIER/SPECTRAL FAMILY; DO NOT CALL IMPLEMENTATIONS IDENTICAL
Final descriptor / summary,Selected normalized 2-D Fourier coefficients indexed by radial and angular frequency.,Angular spectral allocation derived from the radial-angular representation; evaluated using predefined angular bands.,"Angular spectral allocation summarized into low, mid, highmid, and high bands.",GENUINE IMPLEMENTATION / SUMMARY DIFFERENCE
Frozen angular bands,Not the WeaveAI four-band construction,low 1-4; mid 5-12; highmid 13-24; high 25-36,low 1-4; mid 5-12; highmid 13-24; high 25-36,WEAVEAI-SPECIFIC ANALYSIS CHOICE
Learned from training data?,No — deterministic handcrafted transform,No — deterministic representation,No — deterministic representation,SAME
Primary invariance intention,Generic robust shape description with geometric nuisance normalization.,Object-relative control removing raster-support dependence under the tested intervention.,Was not support-invariant under the frozen grid-relative normalization.,IMPORTANT DIFFERENCE IN IMPLEMENTATION BEHAVIOR
Same-pixel support-only canvas sweep,No direct experiment identified in current review.,Yes — matched control in 05K over the frozen support intervention.,Yes — primary representation under the same controlled support intervention.,POTENTIAL DISTINCTIVE EXPERIMENTAL AUDIT
Observed support-only behavior,Not established by current literature review,"Exact invariance across all tested 16,100 support conditions.",Systematic support-dependent redistribution; primary 05K directional inference supported.,WEAVEAI EMPIRICAL RESULT
