boundary_id,status,claim_or_boundary,rationale,manuscript_use
CB-001,PROHIBITED NOVELTY CLAIM,WeaveAI invented Fourier-based shape representation.,Fourier shape descriptors are established prior art across multiple contour and region formulations.,Do not state or imply.
CB-002,PROHIBITED NOVELTY CLAIM,WeaveAI invented polar or radial-angular coordinates for shape.,"Object-centred polar and angular-radial representations are established in GFD, ART, Zernike-related and other shape literature.",Do not state or imply.
CB-003,PROHIBITED NOVELTY CLAIM,WeaveAI invented object-centred / object-radius normalization.,Object-relative normalization is established prior art.,Do not state or imply.
CB-004,PROHIBITED NOVELTY CLAIM,05H is universally invariant in digital images.,"Digital implementations can lose ideal invariance through sampling, centroid error, interpolation, noise, or resampling; 05K only establishes exact invariance under the tested same-pixel no-resampling support intervention.",Use bounded wording only.
CB-005,SUPPORTED CURRENT RESULT,"Under the frozen historical raster-relative coordinate normalization, raster support is a demonstrated dependency of angular spectral allocation in the tested dataset and controlled same-pixel canvas intervention.",05J population association plus 05K full support-only intervention; broad category-consistent endpoint redistribution.,Core Paper II empirical statement.
CB-006,SUPPORTED CURRENT RESULT,"The matched object-relative implementation was exactly invariant under the tested same-pixel, no-resampling support-only intervention.",05K4-B / 05K4-C object-relative exactness across all tested support levels.,State with intervention scope.
CB-007,SUPPORTED CURRENT RESULT WITH CAVEAT,"Canvas enlargement produced broad population- and category-consistent endpoint redistribution in the historical representation, but not universal per-image monotonic trajectories.",05K endpoint concordance is strong; full monotonicity is much weaker.,Use endpoint and heterogeneity language; avoid deterministic mechanism wording.
CB-008,NOT ESTABLISHED,Raster support is the complete causal explanation for all historical representation instability.,05J associations are moderate and 05K isolates one dependency; other sources of variation remain possible.,Do not claim.
CB-009,NOT ESTABLISHED,The exact 05K support-only audit is novel in the literature.,Literature review is still open; no novelty verdict is frozen yet.,Do not claim novelty until literature pass is complete.
CB-010,SCOPE DECISION,Literature inclusion does not automatically imply implementation as a benchmark.,"Paper II currently tests support dependence, not descriptor invention or superiority.",Avoid benchmark zoo; add only comparators that directly strengthen the final claim.
CB-011,SCOPE DECISION,GFD is the closest strategic baseline candidate but is not yet mandatory as an experiment.,It shares object-centred polar Fourier structure with 05H but retains joint radial×angular coefficients; final need depends on manuscript claim.,Revisit after literature closure.
CB-012,TERMINOLOGY,Kunttu-style zero-padding is not equivalent to 05K blank-canvas support enlargement.,Kunttu pads a 1-D boundary-derived signal before FFT; 05K enlarges 2-D raster support around an unchanged image patch.,Use if reviewer confusion around 'padding' arises.
CB-013,TERMINOLOGY,"Coordinate choice, spectral basis, and learned population model are separate design decisions.",Polar coordinates define location; Fourier/ART/Zernike define fixed basis expansions; PCA/SSM learn basis directions from population data.,Useful conceptual organization for Methods / Discussion.
