role,row_index,relative_path,identity,nominal_support_factor,source_height,source_width,pad_top,pad_bottom,pad_left,pad_right,output_height,output_width,realized_scale_h,realized_scale_w,realized_scale_geom,frozen_border_median,background_value,expected_source_pixel_sha256,observed_source_pixel_sha256,recovered_patch_pixel_sha256,source_patch_array_equal,source_patch_sha_match,source_pixel_multiset_equal,padding_all_expected_value,padding_unique_value_count,no_clipping,baseline_pixel_equal,baseline_pixel_sha_match,saved_reloaded_pixel_equal,saved_canvas_pixel_sha256,saved_png_sha256,output_relative_path
S01,781,Harem/8-10.tif,Harem::8,1,598,384,0,0,0,0,598,384,1,1,1,0.99607843137254903,254,4bbf5d902698615019536e57e5cf0dea2516e5a9fd263c73487638bd2348c690,4bbf5d902698615019536e57e5cf0dea2516e5a9fd263c73487638bd2348c690,4bbf5d902698615019536e57e5cf0dea2516e5a9fd263c73487638bd2348c690,True,True,True,True,0,True,True,True,True,4bbf5d902698615019536e57e5cf0dea2516e5a9fd263c73487638bd2348c690,88313423804e74e186411df91dc3c655b54d5206ce54523d75b7474c0c7195a7,papers/Paper-II/reproducibility/audits/05K1_materialization/canvases/S01/S01__row0781__s1p00.png
S01,781,Harem/8-10.tif,Harem::8,1.1000000000000001,598,384,30,30,20,20,658,424,1.1003344481605351,1.1041666666666667,1.1022488919676554,0.99607843137254903,254,4bbf5d902698615019536e57e5cf0dea2516e5a9fd263c73487638bd2348c690,4bbf5d902698615019536e57e5cf0dea2516e5a9fd263c73487638bd2348c690,4bbf5d902698615019536e57e5cf0dea2516e5a9fd263c73487638bd2348c690,True,True,True,True,1,True,,,True,2682455307034e2fd79b42f18a214cd187977e9ef75bdabbe47cb9195d478baa,85a8557ea61f2d30df7ae1661c15b6b47abf6086a1c14630a4db1b3588254915,papers/Paper-II/reproducibility/audits/05K1_materialization/canvases/S01/S01__row0781__s1p10.png
S01,781,Harem/8-10.tif,Harem::8,1.25,598,384,75,75,48,48,748,480,1.2508361204013378,1.25,1.2504179903143078,0.99607843137254903,254,4bbf5d902698615019536e57e5cf0dea2516e5a9fd263c73487638bd2348c690,4bbf5d902698615019536e57e5cf0dea2516e5a9fd263c73487638bd2348c690,4bbf5d902698615019536e57e5cf0dea2516e5a9fd263c73487638bd2348c690,True,True,True,True,1,True,,,True,065f34f12bbceba4d4de4f0ba55e4e9991e96616f815cf3e9a5ffe430602216c,5361a5de47ac5d4bbf635ecef85caa38f7e1ffb84990046ccba013bd70186981,papers/Paper-II/reproducibility/audits/05K1_materialization/canvases/S01/S01__row0781__s1p25.png
S01,781,Harem/8-10.tif,Harem::8,1.5,598,384,150,150,96,96,898,576,1.5016722408026757,1.5,1.5008358874987011,0.99607843137254903,254,4bbf5d902698615019536e57e5cf0dea2516e5a9fd263c73487638bd2348c690,4bbf5d902698615019536e57e5cf0dea2516e5a9fd263c73487638bd2348c690,4bbf5d902698615019536e57e5cf0dea2516e5a9fd263c73487638bd2348c690,True,True,True,True,1,True,,,True,0fb6247137071fbb672984f46b1e339e2173d370f78b73433a6f7aaa3b6d4e10,c197f9022676f308d28917de5603c47b44ad4e8412a449381cd9ac41fc72ed1a,papers/Paper-II/reproducibility/audits/05K1_materialization/canvases/S01/S01__row0781__s1p50.png
S01,781,Harem/8-10.tif,Harem::8,2,598,384,299,299,192,192,1196,768,2,2,2,0.99607843137254903,254,4bbf5d902698615019536e57e5cf0dea2516e5a9fd263c73487638bd2348c690,4bbf5d902698615019536e57e5cf0dea2516e5a9fd263c73487638bd2348c690,4bbf5d902698615019536e57e5cf0dea2516e5a9fd263c73487638bd2348c690,True,True,True,True,1,True,,,True,26e8cadae47df14ca2e943655d408bd9ddb26b258a1991a73ad49eb1aac938b8,eac071c6fd0b98f29e2799f11ee3988e89ab9f783b07aef3bec29e14ceeb7e31,papers/Paper-II/reproducibility/audits/05K1_materialization/canvases/S01/S01__row0781__s2p00.png
S01,781,Harem/8-10.tif,Harem::8,2.5,598,384,449,449,288,288,1496,960,2.5016722408026757,2.5,2.5008359806286156,0.99607843137254903,254,4bbf5d902698615019536e57e5cf0dea2516e5a9fd263c73487638bd2348c690,4bbf5d902698615019536e57e5cf0dea2516e5a9fd263c73487638bd2348c690,4bbf5d902698615019536e57e5cf0dea2516e5a9fd263c73487638bd2348c690,True,True,True,True,1,True,,,True,e46a970db001b6213d703e1d6a672ffdc8fc1c6c33809b135239c0040e2b4a1d,c7b2a0f5e863097e61448b009709a4d61cb1c4566090491c814e2678dc9a1c06,papers/Paper-II/reproducibility/audits/05K1_materialization/canvases/S01/S01__row0781__s2p50.png
S01,781,Harem/8-10.tif,Harem::8,3,598,384,598,598,384,384,1794,1152,3,3,3,0.99607843137254903,254,4bbf5d902698615019536e57e5cf0dea2516e5a9fd263c73487638bd2348c690,4bbf5d902698615019536e57e5cf0dea2516e5a9fd263c73487638bd2348c690,4bbf5d902698615019536e57e5cf0dea2516e5a9fd263c73487638bd2348c690,True,True,True,True,1,True,,,True,9606d7ac427f9568872495ac215382dd34cfb66fb23847ee16197c003888477d,3e81ac964716a3342a5aa38f0a49bade6ec52932498bdde0a0d8a97740dc3055,papers/Paper-II/reproducibility/audits/05K1_materialization/canvases/S01/S01__row0781__s3p00.png
S08,1349,Pencil/4-9.tif,Pencil::4,1,571,295,0,0,0,0,571,295,1,1,1,0.99607843137254903,254,266a50a45cd9bef0248919abcc8d58bef2e1bca322224b6bd2e2c999629247f0,266a50a45cd9bef0248919abcc8d58bef2e1bca322224b6bd2e2c999629247f0,266a50a45cd9bef0248919abcc8d58bef2e1bca322224b6bd2e2c999629247f0,True,True,True,True,0,True,True,True,True,266a50a45cd9bef0248919abcc8d58bef2e1bca322224b6bd2e2c999629247f0,f2325cad5570a4f1d204ad70f65ef063e7ed3db3a5323ace4f39e7d093b25087,papers/Paper-II/reproducibility/audits/05K1_materialization/canvases/S08/S08__row1349__s1p00.png
S08,1349,Pencil/4-9.tif,Pencil::4,1.1000000000000001,571,295,29,29,15,15,629,325,1.1015761821366024,1.1016949152542372,1.1016355470958035,0.99607843137254903,254,266a50a45cd9bef0248919abcc8d58bef2e1bca322224b6bd2e2c999629247f0,266a50a45cd9bef0248919abcc8d58bef2e1bca322224b6bd2e2c999629247f0,266a50a45cd9bef0248919abcc8d58bef2e1bca322224b6bd2e2c999629247f0,True,True,True,True,1,True,,,True,4a13fadab520a4bfbe79a4d1f6587dabb291914ce2d09b8a05ad8390cbd76509,55f2366d8973a225e5d6778bef826cbb523a90fa0e1bf324fbeab3e2f4879be1,papers/Paper-II/reproducibility/audits/05K1_materialization/canvases/S08/S08__row1349__s1p10.png
S08,1349,Pencil/4-9.tif,Pencil::4,1.25,571,295,72,72,37,37,715,369,1.2521891418563922,1.2508474576271187,1.2515181199484695,0.99607843137254903,254,266a50a45cd9bef0248919abcc8d58bef2e1bca322224b6bd2e2c999629247f0,266a50a45cd9bef0248919abcc8d58bef2e1bca322224b6bd2e2c999629247f0,266a50a45cd9bef0248919abcc8d58bef2e1bca322224b6bd2e2c999629247f0,True,True,True,True,1,True,,,True,4866eee1f255d4e12160cabe81b986f61cfaad9e7100c246d162945ce72e0663,9f0198685f0e6059012b87944934f9058b93f62c98b39b728e65ed397ee691b2,papers/Paper-II/reproducibility/audits/05K1_materialization/canvases/S08/S08__row1349__s1p25.png
S08,1349,Pencil/4-9.tif,Pencil::4,1.5,571,295,143,143,74,74,857,443,1.500875656742557,1.5016949152542374,1.5012852301142385,0.99607843137254903,254,266a50a45cd9bef0248919abcc8d58bef2e1bca322224b6bd2e2c999629247f0,266a50a45cd9bef0248919abcc8d58bef2e1bca322224b6bd2e2c999629247f0,266a50a45cd9bef0248919abcc8d58bef2e1bca322224b6bd2e2c999629247f0,True,True,True,True,1,True,,,True,2e0bd44f19d0092a3651d8a62df596ab22ad63786ed039c9c9dc0ea71150fb2b,889b1fd4495f20b119e851e6407a9968011242b1ab6fc10050f4e9ca9441e59c,papers/Paper-II/reproducibility/audits/05K1_materialization/canvases/S08/S08__row1349__s1p50.png
S08,1349,Pencil/4-9.tif,Pencil::4,2,571,295,286,286,148,148,1143,591,2.0017513134851139,2.0033898305084747,2.0025704044160491,0.99607843137254903,254,266a50a45cd9bef0248919abcc8d58bef2e1bca322224b6bd2e2c999629247f0,266a50a45cd9bef0248919abcc8d58bef2e1bca322224b6bd2e2c999629247f0,266a50a45cd9bef0248919abcc8d58bef2e1bca322224b6bd2e2c999629247f0,True,True,True,True,1,True,,,True,d0a7c9c31e8bd7be2302578d7dd496044fbaedafca8ac59d982691825ec26123,1b4907d24722e74eeec840ec33087b6c64257e27291af823e2427de12e39c951,papers/Paper-II/reproducibility/audits/05K1_materialization/canvases/S08/S08__row1349__s2p00.png
S08,1349,Pencil/4-9.tif,Pencil::4,2.5,571,295,429,429,222,222,1429,739,2.5026269702276709,2.5050847457627117,2.5038555564272653,0.99607843137254903,254,266a50a45cd9bef0248919abcc8d58bef2e1bca322224b6bd2e2c999629247f0,266a50a45cd9bef0248919abcc8d58bef2e1bca322224b6bd2e2c999629247f0,266a50a45cd9bef0248919abcc8d58bef2e1bca322224b6bd2e2c999629247f0,True,True,True,True,1,True,,,True,f7a528326abcd7e9005f9b07f3b915a6294b2081e356adc30eeac1c1056d457c,37312df1ea18d16d5659ee3abc7197d2a8d26d2465c4b958ccddcf2ebf64464d,papers/Paper-II/reproducibility/audits/05K1_materialization/canvases/S08/S08__row1349__s2p50.png
S08,1349,Pencil/4-9.tif,Pencil::4,3,571,295,571,571,295,295,1713,885,3,3,3,0.99607843137254903,254,266a50a45cd9bef0248919abcc8d58bef2e1bca322224b6bd2e2c999629247f0,266a50a45cd9bef0248919abcc8d58bef2e1bca322224b6bd2e2c999629247f0,266a50a45cd9bef0248919abcc8d58bef2e1bca322224b6bd2e2c999629247f0,True,True,True,True,1,True,,,True,b0170b4a18dbf08eefe12bbdcfa54dfaddf57a9d8b1e32c05d2f5daceffe6323,65c94ccc426091c270c46f5b77567d0ee0ebee2b61be2c64e25995503fd6710d,papers/Paper-II/reproducibility/audits/05K1_materialization/canvases/S08/S08__row1349__s3p00.png
S02,1086,Jumpsuit/8_2.tif,Jumpsuit::8,1,910,414,0,0,0,0,910,414,1,1,1,0.99607843137254903,254,6c50094c3acaff3d55fe73a906af193ae5cc448630bf19317f61f8a27554227b,6c50094c3acaff3d55fe73a906af193ae5cc448630bf19317f61f8a27554227b,6c50094c3acaff3d55fe73a906af193ae5cc448630bf19317f61f8a27554227b,True,True,True,True,0,True,True,True,True,6c50094c3acaff3d55fe73a906af193ae5cc448630bf19317f61f8a27554227b,87a4ff18809f2218420e8f981adf2908d81568978ee0c1283e6ba5c29ce84a48,papers/Paper-II/reproducibility/audits/05K1_materialization/canvases/S02/S02__row1086__s1p00.png
S02,1086,Jumpsuit/8_2.tif,Jumpsuit::8,1.1000000000000001,910,414,46,46,21,21,1002,456,1.1010989010989012,1.1014492753623188,1.1012740742965079,0.99607843137254903,254,6c50094c3acaff3d55fe73a906af193ae5cc448630bf19317f61f8a27554227b,6c50094c3acaff3d55fe73a906af193ae5cc448630bf19317f61f8a27554227b,6c50094c3acaff3d55fe73a906af193ae5cc448630bf19317f61f8a27554227b,True,True,True,True,1,True,,,True,f0031f046ccb6679c969f74338cd3c815b319c669090ccad9226c6ad37dc7941,d3e7d9d9bc4e1a52ef4b6b3a49971b48b4439db6557b779ef65478da49926dc5,papers/Paper-II/reproducibility/audits/05K1_materialization/canvases/S02/S02__row1086__s1p10.png
S02,1086,Jumpsuit/8_2.tif,Jumpsuit::8,1.25,910,414,114,114,52,52,1138,518,1.2505494505494505,1.251207729468599,1.2508785467063468,0.99607843137254903,254,6c50094c3acaff3d55fe73a906af193ae5cc448630bf19317f61f8a27554227b,6c50094c3acaff3d55fe73a906af193ae5cc448630bf19317f61f8a27554227b,6c50094c3acaff3d55fe73a906af193ae5cc448630bf19317f61f8a27554227b,True,True,True,True,1,True,,,True,791548493f09682c226671ee4cecd79f05716009f924f74601fc8dac6009b863,a2de436757dcc73bc273d7ece032a19528d55edabba41dc17fe4c850591dcd24,papers/Paper-II/reproducibility/audits/05K1_materialization/canvases/S02/S02__row1086__s1p25.png
S02,1086,Jumpsuit/8_2.tif,Jumpsuit::8,1.5,910,414,228,228,104,104,1366,622,1.5010989010989011,1.5024154589371981,1.5017570357433421,0.99607843137254903,254,6c50094c3acaff3d55fe73a906af193ae5cc448630bf19317f61f8a27554227b,6c50094c3acaff3d55fe73a906af193ae5cc448630bf19317f61f8a27554227b,6c50094c3acaff3d55fe73a906af193ae5cc448630bf19317f61f8a27554227b,True,True,True,True,1,True,,,True,d7eb5a8ec069fbd5313833007b92e54b5e6b3a9fb3de210f4e7fcdadb6463278,12ea863edc6bade41896000572bfe4dd128de9fc90d83cfda279115b73048f90,papers/Paper-II/reproducibility/audits/05K1_materialization/canvases/S02/S02__row1086__s1p50.png
S02,1086,Jumpsuit/8_2.tif,Jumpsuit::8,2,910,414,455,455,207,207,1820,828,2,2,2,0.99607843137254903,254,6c50094c3acaff3d55fe73a906af193ae5cc448630bf19317f61f8a27554227b,6c50094c3acaff3d55fe73a906af193ae5cc448630bf19317f61f8a27554227b,6c50094c3acaff3d55fe73a906af193ae5cc448630bf19317f61f8a27554227b,True,True,True,True,1,True,,,True,3d3bbf5637899410d37969e1e281c1b4156696333b6b2d72424947787e9aaa44,4c7d3c57dc67eaad2aae699854450e665c99dc5df83b2910551a5e75cd81afc3,papers/Paper-II/reproducibility/audits/05K1_materialization/canvases/S02/S02__row1086__s2p00.png
S02,1086,Jumpsuit/8_2.tif,Jumpsuit::8,2.5,910,414,683,683,311,311,2276,1036,2.5010989010989011,2.5024154589371981,2.5017570934126936,0.99607843137254903,254,6c50094c3acaff3d55fe73a906af193ae5cc448630bf19317f61f8a27554227b,6c50094c3acaff3d55fe73a906af193ae5cc448630bf19317f61f8a27554227b,6c50094c3acaff3d55fe73a906af193ae5cc448630bf19317f61f8a27554227b,True,True,True,True,1,True,,,True,6517f647dc895ebefbacdd76ddb36e7cc916f18e515969ad4d013f7fd85b233a,b98255635a2439b5b8011e7e6acf89e77a9ddf7851bec330508d844131732da4,papers/Paper-II/reproducibility/audits/05K1_materialization/canvases/S02/S02__row1086__s2p50.png
S02,1086,Jumpsuit/8_2.tif,Jumpsuit::8,3,910,414,910,910,414,414,2730,1242,3,3,3,0.99607843137254903,254,6c50094c3acaff3d55fe73a906af193ae5cc448630bf19317f61f8a27554227b,6c50094c3acaff3d55fe73a906af193ae5cc448630bf19317f61f8a27554227b,6c50094c3acaff3d55fe73a906af193ae5cc448630bf19317f61f8a27554227b,True,True,True,True,1,True,,,True,b1db3a1517a84db327b7e6266f6c3244ae51729807324fc4686c48f4ba2fc768,9bd60956ad63595e1f2217df6a066a825ca92446133074cca2af6f642d8a31ef,papers/Paper-II/reproducibility/audits/05K1_materialization/canvases/S02/S02__row1086__s3p00.png
S03,1625,Skinny/2-5.tif,Skinny::2,1,830,306,0,0,0,0,830,306,1,1,1,0.99607843137254903,254,a958eeb246938f9d39e4d58e888bfe3d1bc508d65d54b31751dc7f65aad78238,a958eeb246938f9d39e4d58e888bfe3d1bc508d65d54b31751dc7f65aad78238,a958eeb246938f9d39e4d58e888bfe3d1bc508d65d54b31751dc7f65aad78238,True,True,True,True,0,True,True,True,True,a958eeb246938f9d39e4d58e888bfe3d1bc508d65d54b31751dc7f65aad78238,6a57617edfcd305cc378baf5c4aa9f1cfd3d8e608d0f5bc8c8d9ca3eeff73e3d,papers/Paper-II/reproducibility/audits/05K1_materialization/canvases/S03/S03__row1625__s1p00.png
S03,1625,Skinny/2-5.tif,Skinny::2,1.1000000000000001,830,306,42,42,16,16,914,338,1.1012048192771084,1.1045751633986929,1.1028887038991924,0.99607843137254903,254,a958eeb246938f9d39e4d58e888bfe3d1bc508d65d54b31751dc7f65aad78238,a958eeb246938f9d39e4d58e888bfe3d1bc508d65d54b31751dc7f65aad78238,a958eeb246938f9d39e4d58e888bfe3d1bc508d65d54b31751dc7f65aad78238,True,True,True,True,1,True,,,True,48b25f2bc733c972b7add30b7855c498aea7d8b46fbd5fc90ce7d58528524bec,de5237b4a0cb4722c2d7f2c151d7a7b9893e87af76c904959d3ef65e85255857,papers/Paper-II/reproducibility/audits/05K1_materialization/canvases/S03/S03__row1625__s1p10.png
S03,1625,Skinny/2-5.tif,Skinny::2,1.25,830,306,104,104,39,39,1038,384,1.2506024096385542,1.2549019607843137,1.2527503406573111,0.99607843137254903,254,a958eeb246938f9d39e4d58e888bfe3d1bc508d65d54b31751dc7f65aad78238,a958eeb246938f9d39e4d58e888bfe3d1bc508d65d54b31751dc7f65aad78238,a958eeb246938f9d39e4d58e888bfe3d1bc508d65d54b31751dc7f65aad78238,True,True,True,True,1,True,,,True,15c001cd12487d30ca899669eacd11c62fd6a9b8be2e7ccb9737460946f98d05,f7671e34a9b76d7965f29801d20c9a3a5fa7f705e35da69a18ebadb54c45c7c7,papers/Paper-II/reproducibility/audits/05K1_materialization/canvases/S03/S03__row1625__s1p25.png
S03,1625,Skinny/2-5.tif,Skinny::2,1.5,830,306,208,208,77,77,1246,460,1.5012048192771084,1.5032679738562091,1.5022360423774539,0.99607843137254903,254,a958eeb246938f9d39e4d58e888bfe3d1bc508d65d54b31751dc7f65aad78238,a958eeb246938f9d39e4d58e888bfe3d1bc508d65d54b31751dc7f65aad78238,a958eeb246938f9d39e4d58e888bfe3d1bc508d65d54b31751dc7f65aad78238,True,True,True,True,1,True,,,True,4605d08122572922b88d5d1fec5e0168c8a88f97341e89768942652e98a28e32,b8960bcb00515713864cbe51c4ec49b87c828c0bcc76a100f763f9d6f43d465c,papers/Paper-II/reproducibility/audits/05K1_materialization/canvases/S03/S03__row1625__s1p50.png
S03,1625,Skinny/2-5.tif,Skinny::2,2,830,306,415,415,153,153,1660,612,2,2,2,0.99607843137254903,254,a958eeb246938f9d39e4d58e888bfe3d1bc508d65d54b31751dc7f65aad78238,a958eeb246938f9d39e4d58e888bfe3d1bc508d65d54b31751dc7f65aad78238,a958eeb246938f9d39e4d58e888bfe3d1bc508d65d54b31751dc7f65aad78238,True,True,True,True,1,True,,,True,4418867dcd0b6e57cde05536e5b1efb12c973f5680d44c356b3a2d7fe89b8113,0e6e2ff58a740645e45aa99efa79e38f276d157232bfef927f4cba8e2ebf112b,papers/Paper-II/reproducibility/audits/05K1_materialization/canvases/S03/S03__row1625__s2p00.png
S03,1625,Skinny/2-5.tif,Skinny::2,2.5,830,306,623,623,230,230,2076,766,2.5012048192771084,2.5032679738562091,2.5022361839265277,0.99607843137254903,254,a958eeb246938f9d39e4d58e888bfe3d1bc508d65d54b31751dc7f65aad78238,a958eeb246938f9d39e4d58e888bfe3d1bc508d65d54b31751dc7f65aad78238,a958eeb246938f9d39e4d58e888bfe3d1bc508d65d54b31751dc7f65aad78238,True,True,True,True,1,True,,,True,59b2dea685d2297a8412f6c2825e0057e28dd5e5318d129941743c1cf502332e,a8817cff6a19d22f0bf0a036248116e1f4d68febda08de4699b2f3b2d0643c49,papers/Paper-II/reproducibility/audits/05K1_materialization/canvases/S03/S03__row1625__s2p50.png
S03,1625,Skinny/2-5.tif,Skinny::2,3,830,306,830,830,306,306,2490,918,3,3,3,0.99607843137254903,254,a958eeb246938f9d39e4d58e888bfe3d1bc508d65d54b31751dc7f65aad78238,a958eeb246938f9d39e4d58e888bfe3d1bc508d65d54b31751dc7f65aad78238,a958eeb246938f9d39e4d58e888bfe3d1bc508d65d54b31751dc7f65aad78238,True,True,True,True,1,True,,,True,38c868ef25924f7f5d6ba426298a9516403bc335e517a0127d96efde9ce3f006,31f165794d09e287df38a1a31d14c72229c1dc074d411c284b6db87106b9731c,papers/Paper-II/reproducibility/audits/05K1_materialization/canvases/S03/S03__row1625__s3p00.png
S04,1024,Jumpsuit/2_5.tif,Jumpsuit::2,1,1109,257,0,0,0,0,1109,257,1,1,1,0.99607843137254903,254,3c0905becff6f25ee73be51045748ed729a084b2b3340278a19ddbe40e97721c,3c0905becff6f25ee73be51045748ed729a084b2b3340278a19ddbe40e97721c,3c0905becff6f25ee73be51045748ed729a084b2b3340278a19ddbe40e97721c,True,True,True,True,0,True,True,True,True,3c0905becff6f25ee73be51045748ed729a084b2b3340278a19ddbe40e97721c,7a0b74c9c327066e8aa70f6309e015597f89bde2225ecb3af87f466227ad1825,papers/Paper-II/reproducibility/audits/05K1_materialization/canvases/S04/S04__row1024__s1p00.png
S04,1024,Jumpsuit/2_5.tif,Jumpsuit::2,1.1000000000000001,1109,257,56,56,13,13,1221,283,1.1009918845807034,1.1011673151750974,1.1010795963840687,0.99607843137254903,254,3c0905becff6f25ee73be51045748ed729a084b2b3340278a19ddbe40e97721c,3c0905becff6f25ee73be51045748ed729a084b2b3340278a19ddbe40e97721c,3c0905becff6f25ee73be51045748ed729a084b2b3340278a19ddbe40e97721c,True,True,True,True,1,True,,,True,8e9dc112d6b690a6d9c4f1d08bd32262cd1274f9cd4a86cf6a20e5fdaf68c043,6debbb08d4168eb37f821199cabf6aabdc219abd853855856b663a6864e82c89,papers/Paper-II/reproducibility/audits/05K1_materialization/canvases/S04/S04__row1024__s1p10.png
S04,1024,Jumpsuit/2_5.tif,Jumpsuit::2,1.25,1109,257,139,139,33,33,1387,323,1.2506762849413886,1.2568093385214008,1.2537390615202151,0.99607843137254903,254,3c0905becff6f25ee73be51045748ed729a084b2b3340278a19ddbe40e97721c,3c0905becff6f25ee73be51045748ed729a084b2b3340278a19ddbe40e97721c,3c0905becff6f25ee73be51045748ed729a084b2b3340278a19ddbe40e97721c,True,True,True,True,1,True,,,True,3a5767ddcc1b83d6efde09c25305a8b89fcd9d29ba4ec97d8dd73a11907f8c95,5e16bbf4d3853a1a29de700a52626988c7fc78fa82ae5bf5bdf8777ccace8fb8,papers/Paper-II/reproducibility/audits/05K1_materialization/canvases/S04/S04__row1024__s1p25.png
S04,1024,Jumpsuit/2_5.tif,Jumpsuit::2,1.5,1109,257,278,278,65,65,1665,387,1.5013525698827772,1.5058365758754864,1.5035929013579916,0.99607843137254903,254,3c0905becff6f25ee73be51045748ed729a084b2b3340278a19ddbe40e97721c,3c0905becff6f25ee73be51045748ed729a084b2b3340278a19ddbe40e97721c,3c0905becff6f25ee73be51045748ed729a084b2b3340278a19ddbe40e97721c,True,True,True,True,1,True,,,True,1a1ea4c1bac88652ed139fbb04eeca7095bea85f6ca89c5ba9b2a08d3c857cdf,1cf72072fed259f8919d9035b339890b1d49779823f8d81a10605e9febfcd7a5,papers/Paper-II/reproducibility/audits/05K1_materialization/canvases/S04/S04__row1024__s1p50.png
S04,1024,Jumpsuit/2_5.tif,Jumpsuit::2,2,1109,257,555,555,129,129,2219,515,2.000901713255185,2.0038910505836576,2.0023958240791386,0.99607843137254903,254,3c0905becff6f25ee73be51045748ed729a084b2b3340278a19ddbe40e97721c,3c0905becff6f25ee73be51045748ed729a084b2b3340278a19ddbe40e97721c,3c0905becff6f25ee73be51045748ed729a084b2b3340278a19ddbe40e97721c,True,True,True,True,1,True,,,True,5b52c8f18b90f6d13f3e9b0679a9351919fcbd378e85eaa7b562b9f00a041384,6ba081691f93ce68dc4bdffb8087fff731e3680e47bb4d22380b8cb15e75e515,papers/Paper-II/reproducibility/audits/05K1_materialization/canvases/S04/S04__row1024__s2p00.png
S04,1024,Jumpsuit/2_5.tif,Jumpsuit::2,2.5,1109,257,832,832,193,193,2773,643,2.5004508566275923,2.5019455252918288,2.5011980793114974,0.99607843137254903,254,3c0905becff6f25ee73be51045748ed729a084b2b3340278a19ddbe40e97721c,3c0905becff6f25ee73be51045748ed729a084b2b3340278a19ddbe40e97721c,3c0905becff6f25ee73be51045748ed729a084b2b3340278a19ddbe40e97721c,True,True,True,True,1,True,,,True,57fd1763d9bd1eb369bd7ba7d0f6deaacc6277de06ce3ffcbc3148273bd774e9,0b7db9601ba4bf4803b5f8de57460cf6e6f1eb4b8b3d58e94e0f08d785e55b2c,papers/Paper-II/reproducibility/audits/05K1_materialization/canvases/S04/S04__row1024__s2p50.png
S04,1024,Jumpsuit/2_5.tif,Jumpsuit::2,3,1109,257,1109,1109,257,257,3327,771,3,3,3,0.99607843137254903,254,3c0905becff6f25ee73be51045748ed729a084b2b3340278a19ddbe40e97721c,3c0905becff6f25ee73be51045748ed729a084b2b3340278a19ddbe40e97721c,3c0905becff6f25ee73be51045748ed729a084b2b3340278a19ddbe40e97721c,True,True,True,True,1,True,,,True,b566bf211d9128b1c6327a1d68f60bf89ddc652e43ff6906134a173271573629,accf03532135504d92942a38cc4ac56a1f898703ff1baf2dba074ba182efb9e7,papers/Paper-II/reproducibility/audits/05K1_materialization/canvases/S04/S04__row1024__s3p00.png
S05,432,Circle/3_2.tif,Circle::3,1,476,429,0,0,0,0,476,429,1,1,1,0.99607843137254903,254,cb56243c20f54e41cff726cd927e35433857b1b8ab66a13598aed05f0952ed53,cb56243c20f54e41cff726cd927e35433857b1b8ab66a13598aed05f0952ed53,cb56243c20f54e41cff726cd927e35433857b1b8ab66a13598aed05f0952ed53,True,True,True,True,0,True,True,True,True,cb56243c20f54e41cff726cd927e35433857b1b8ab66a13598aed05f0952ed53,ddb93534bff035e1902a5187d0ecc06f05ee246e8adafd7c8a7267a504ea7263,papers/Paper-II/reproducibility/audits/05K1_materialization/canvases/S05/S05__row0432__s1p00.png
S05,432,Circle/3_2.tif,Circle::3,1.1000000000000001,476,429,24,24,22,22,524,473,1.1008403361344539,1.1025641025641026,1.1017018822151703,0.99607843137254903,254,cb56243c20f54e41cff726cd927e35433857b1b8ab66a13598aed05f0952ed53,cb56243c20f54e41cff726cd927e35433857b1b8ab66a13598aed05f0952ed53,cb56243c20f54e41cff726cd927e35433857b1b8ab66a13598aed05f0952ed53,True,True,True,True,1,True,,,True,ca93924a9cab81ed7b377a55af52bcd3dea4e9ea96ec266d6749344bb6820643,7d65af072f821921cea1265193b6fbb29a68c6ac48134151c3445e027c40d366,papers/Paper-II/reproducibility/audits/05K1_materialization/canvases/S05/S05__row0432__s1p10.png
S05,432,Circle/3_2.tif,Circle::3,1.25,476,429,60,60,54,54,596,537,1.2521008403361344,1.2517482517482517,1.2519245336294329,0.99607843137254903,254,cb56243c20f54e41cff726cd927e35433857b1b8ab66a13598aed05f0952ed53,cb56243c20f54e41cff726cd927e35433857b1b8ab66a13598aed05f0952ed53,cb56243c20f54e41cff726cd927e35433857b1b8ab66a13598aed05f0952ed53,True,True,True,True,1,True,,,True,409d28c1ad388466214f32d37512ef5daa557b4c03332917b9d7ec2d34ed3c03,851598c08076ced80d9aa4554c999b7d5210cac8d29ba3315cff0f328b0ad7b2,papers/Paper-II/reproducibility/audits/05K1_materialization/canvases/S05/S05__row0432__s1p25.png
S05,432,Circle/3_2.tif,Circle::3,1.5,476,429,119,119,108,108,714,645,1.5,1.5034965034965035,1.501747234139206,0.99607843137254903,254,cb56243c20f54e41cff726cd927e35433857b1b8ab66a13598aed05f0952ed53,cb56243c20f54e41cff726cd927e35433857b1b8ab66a13598aed05f0952ed53,cb56243c20f54e41cff726cd927e35433857b1b8ab66a13598aed05f0952ed53,True,True,True,True,1,True,,,True,bb2fc688ba69b9797d68607ba5652c74878f9c061985b219d7fd63fb5e7398de,24f0efd10ebf9cc77d15a1fe24eb76d8decc1383d5452eb7bcd44e1ca5e0bcfb,papers/Paper-II/reproducibility/audits/05K1_materialization/canvases/S05/S05__row0432__s1p50.png
S05,432,Circle/3_2.tif,Circle::3,2,476,429,238,238,215,215,952,859,2,2.0023310023310024,2.0011651617650164,0.99607843137254903,254,cb56243c20f54e41cff726cd927e35433857b1b8ab66a13598aed05f0952ed53,cb56243c20f54e41cff726cd927e35433857b1b8ab66a13598aed05f0952ed53,cb56243c20f54e41cff726cd927e35433857b1b8ab66a13598aed05f0952ed53,True,True,True,True,1,True,,,True,2c5cafe88c2841d6b7415c2ed7e52b0ee089a79ce19ae6eab1add0747f305314,a719a6e6c015c455e9b729615feb1af38d2208232598994b342584da9464f5e6,papers/Paper-II/reproducibility/audits/05K1_materialization/canvases/S05/S05__row0432__s2p00.png
S05,432,Circle/3_2.tif,Circle::3,2.5,476,429,357,357,322,322,1190,1073,2.5,2.501165501165501,2.5005826826789295,0.99607843137254903,254,cb56243c20f54e41cff726cd927e35433857b1b8ab66a13598aed05f0952ed53,cb56243c20f54e41cff726cd927e35433857b1b8ab66a13598aed05f0952ed53,cb56243c20f54e41cff726cd927e35433857b1b8ab66a13598aed05f0952ed53,True,True,True,True,1,True,,,True,8d1b59a3f9816aa5bc60c4c7dd02789c891254c32b36abe2dbb99452bdbda85f,eb310221c782f07de5f05b5728032105bf65f469032f31caea2f6d9a5a80a765,papers/Paper-II/reproducibility/audits/05K1_materialization/canvases/S05/S05__row0432__s2p50.png
S05,432,Circle/3_2.tif,Circle::3,3,476,429,476,476,429,429,1428,1287,3,3,3,0.99607843137254903,254,cb56243c20f54e41cff726cd927e35433857b1b8ab66a13598aed05f0952ed53,cb56243c20f54e41cff726cd927e35433857b1b8ab66a13598aed05f0952ed53,cb56243c20f54e41cff726cd927e35433857b1b8ab66a13598aed05f0952ed53,True,True,True,True,1,True,,,True,c64361741165884284189af690204bf2ca354e09738ef617e0adb9463a60b446,09b4c58ca2051c4e9204d48cd49a5d58c2b620bd8d4c49c927cd7f780ddd4349,papers/Paper-II/reproducibility/audits/05K1_materialization/canvases/S05/S05__row0432__s3p00.png
S06,1824,Suit/2-4.tif,Suit::2,1,538,494,0,0,0,0,538,494,1,1,1,0.99607843137254903,254,d7b2c1665d5682f9309532178312accdda485f5111b2de9648e944728e5fbf9e,d7b2c1665d5682f9309532178312accdda485f5111b2de9648e944728e5fbf9e,d7b2c1665d5682f9309532178312accdda485f5111b2de9648e944728e5fbf9e,True,True,True,True,0,True,True,True,True,d7b2c1665d5682f9309532178312accdda485f5111b2de9648e944728e5fbf9e,84081a8699b3e00bf6f1391b6a428198e19442db4f8542153435e0f55281bba8,papers/Paper-II/reproducibility/audits/05K1_materialization/canvases/S06/S06__row1824__s1p00.png
S06,1824,Suit/2-4.tif,Suit::2,1.1000000000000001,538,494,27,27,25,25,592,544,1.1003717472118959,1.1012145748987854,1.1007930803909434,0.99607843137254903,254,d7b2c1665d5682f9309532178312accdda485f5111b2de9648e944728e5fbf9e,d7b2c1665d5682f9309532178312accdda485f5111b2de9648e944728e5fbf9e,d7b2c1665d5682f9309532178312accdda485f5111b2de9648e944728e5fbf9e,True,True,True,True,1,True,,,True,c8e81836d30484f907e0635bc435059bb0e45a52340bc77a971d58fb0a599aa6,98d031d2a01ce96f0f6c93f8c60cc5c2095253a8f340704ddbf0bbaf5de2b02f,papers/Paper-II/reproducibility/audits/05K1_materialization/canvases/S06/S06__row1824__s1p10.png
S06,1824,Suit/2-4.tif,Suit::2,1.25,538,494,68,68,62,62,674,618,1.2527881040892193,1.2510121457489878,1.2518998099949774,0.99607843137254903,254,d7b2c1665d5682f9309532178312accdda485f5111b2de9648e944728e5fbf9e,d7b2c1665d5682f9309532178312accdda485f5111b2de9648e944728e5fbf9e,d7b2c1665d5682f9309532178312accdda485f5111b2de9648e944728e5fbf9e,True,True,True,True,1,True,,,True,e5c65fffe5697751b7a092a88fd3b3445df11bfde283906fe02f419b0b9000e5,f0cf6e0b8a89dd26ffed749de6e7133f5025e7df6771d04b7f51890ab1ce90f7,papers/Paper-II/reproducibility/audits/05K1_materialization/canvases/S06/S06__row1824__s1p25.png
S06,1824,Suit/2-4.tif,Suit::2,1.5,538,494,135,135,124,124,808,742,1.5018587360594795,1.5020242914979758,1.5019415114976298,0.99607843137254903,254,d7b2c1665d5682f9309532178312accdda485f5111b2de9648e944728e5fbf9e,d7b2c1665d5682f9309532178312accdda485f5111b2de9648e944728e5fbf9e,d7b2c1665d5682f9309532178312accdda485f5111b2de9648e944728e5fbf9e,True,True,True,True,1,True,,,True,590b4197d7a0a8cf1b2f4adfa6bcbf6c91af2d570baa77dd7800f7af32ea13bb,fbfc35b47d6b6abbbf5722ad672582db8c67e746272b3bb1a405f3de5993ca2e,papers/Paper-II/reproducibility/audits/05K1_materialization/canvases/S06/S06__row1824__s1p50.png
S06,1824,Suit/2-4.tif,Suit::2,2,538,494,269,269,247,247,1076,988,2,2,2,0.99607843137254903,254,d7b2c1665d5682f9309532178312accdda485f5111b2de9648e944728e5fbf9e,d7b2c1665d5682f9309532178312accdda485f5111b2de9648e944728e5fbf9e,d7b2c1665d5682f9309532178312accdda485f5111b2de9648e944728e5fbf9e,True,True,True,True,1,True,,,True,1a94ee3e2f6e67120b35bac975a85d942d672c058312c5961f82a797bc84a29e,de8f059df98f032d71e93545cb2b672787617151f1d6541aabfc76f73fa5d7e3,papers/Paper-II/reproducibility/audits/05K1_materialization/canvases/S06/S06__row1824__s2p00.png
S06,1824,Suit/2-4.tif,Suit::2,2.5,538,494,404,404,371,371,1346,1236,2.5018587360594795,2.5020242914979756,2.5019415124093607,0.99607843137254903,254,d7b2c1665d5682f9309532178312accdda485f5111b2de9648e944728e5fbf9e,d7b2c1665d5682f9309532178312accdda485f5111b2de9648e944728e5fbf9e,d7b2c1665d5682f9309532178312accdda485f5111b2de9648e944728e5fbf9e,True,True,True,True,1,True,,,True,8cdc8b1d2581b52875805cd2c07d3701593d70969a5c2e17e47b73448d3d4119,09b53807db27fd7d9ef6c07bfbedff410aeda240601a24b22b033a216d2de1e8,papers/Paper-II/reproducibility/audits/05K1_materialization/canvases/S06/S06__row1824__s2p50.png
S06,1824,Suit/2-4.tif,Suit::2,3,538,494,538,538,494,494,1614,1482,3,3,3,0.99607843137254903,254,d7b2c1665d5682f9309532178312accdda485f5111b2de9648e944728e5fbf9e,d7b2c1665d5682f9309532178312accdda485f5111b2de9648e944728e5fbf9e,d7b2c1665d5682f9309532178312accdda485f5111b2de9648e944728e5fbf9e,True,True,True,True,1,True,,,True,43df782a242693b378b6a76039521054600ed84172649654d631caa0d8a8bb76,1c2ab3c5a9ac52c26f56560e59b47f945aa840186aaee987466873de0f8ba885,papers/Paper-II/reproducibility/audits/05K1_materialization/canvases/S06/S06__row1824__s3p00.png
S07,185,Bermuda/8-5.tif,Bermuda::8,1,149,156,0,0,0,0,149,156,1,1,1,0.99215686274509796,253,9771b7909856f36285ef4987663e149bfa2959c5cc7944406a41daacc0215945,9771b7909856f36285ef4987663e149bfa2959c5cc7944406a41daacc0215945,9771b7909856f36285ef4987663e149bfa2959c5cc7944406a41daacc0215945,True,True,True,True,0,True,True,True,True,9771b7909856f36285ef4987663e149bfa2959c5cc7944406a41daacc0215945,08fd1e69ba19c60a407555949bbf70fbce6ae94774d1fc75595fe4fe57d33aa9,papers/Paper-II/reproducibility/audits/05K1_materialization/canvases/S07/S07__row0185__s1p00.png
S07,185,Bermuda/8-5.tif,Bermuda::8,1.1000000000000001,149,156,8,8,8,8,165,172,1.1073825503355705,1.1025641025641026,1.1049706999761966,0.99215686274509796,253,9771b7909856f36285ef4987663e149bfa2959c5cc7944406a41daacc0215945,9771b7909856f36285ef4987663e149bfa2959c5cc7944406a41daacc0215945,9771b7909856f36285ef4987663e149bfa2959c5cc7944406a41daacc0215945,True,True,True,True,1,True,,,True,4b6f66a0828f578efc3cad2016cf2d64add4f2dcf0b92b6c3e3ec3143a5a4c71,8f6e03ac5bd5eb879e080bed7a82093755d7959a73f1db8209d0181a6e9c40ea,papers/Paper-II/reproducibility/audits/05K1_materialization/canvases/S07/S07__row0185__s1p10.png
S07,185,Bermuda/8-5.tif,Bermuda::8,1.25,149,156,19,19,20,20,187,196,1.2550335570469799,1.2564102564102564,1.2557217180621161,0.99215686274509796,253,9771b7909856f36285ef4987663e149bfa2959c5cc7944406a41daacc0215945,9771b7909856f36285ef4987663e149bfa2959c5cc7944406a41daacc0215945,9771b7909856f36285ef4987663e149bfa2959c5cc7944406a41daacc0215945,True,True,True,True,1,True,,,True,86e01829dab97bc9ba8c54f15ce473219a59674715af63677a7e20307a459442,a8137eeab8313f409ec9639a4dd577b9ba877ce87189feee9af9ac924def4d8c,papers/Paper-II/reproducibility/audits/05K1_materialization/canvases/S07/S07__row0185__s1p25.png
S07,185,Bermuda/8-5.tif,Bermuda::8,1.5,149,156,38,38,39,39,225,234,1.5100671140939597,1.5,1.5050251397039651,0.99215686274509796,253,9771b7909856f36285ef4987663e149bfa2959c5cc7944406a41daacc0215945,9771b7909856f36285ef4987663e149bfa2959c5cc7944406a41daacc0215945,9771b7909856f36285ef4987663e149bfa2959c5cc7944406a41daacc0215945,True,True,True,True,1,True,,,True,400cbe320e445fb175af7980f84dd5bf1a275dfccb6e1dacb4ded1ee3d06d3d7,d13c6294481fc79ace309e19de1d5bb52a8c8366aa10870a469d3a804a2f34a7,papers/Paper-II/reproducibility/audits/05K1_materialization/canvases/S07/S07__row0185__s1p50.png
S07,185,Bermuda/8-5.tif,Bermuda::8,2,149,156,75,75,78,78,299,312,2.0067114093959733,2,2.0033528942230689,0.99215686274509796,253,9771b7909856f36285ef4987663e149bfa2959c5cc7944406a41daacc0215945,9771b7909856f36285ef4987663e149bfa2959c5cc7944406a41daacc0215945,9771b7909856f36285ef4987663e149bfa2959c5cc7944406a41daacc0215945,True,True,True,True,1,True,,,True,b64494066c6e3a413b8aaad844e5b1a463f0e9f84a4eb9db2ee7d0fe97cd7f65,e5deb07cf9f0adcecf07b4adfa4899365bc64c778ac4e25d35cec0c428caf55e,papers/Paper-II/reproducibility/audits/05K1_materialization/canvases/S07/S07__row0185__s2p00.png
S07,185,Bermuda/8-5.tif,Bermuda::8,2.5,149,156,112,112,117,117,373,390,2.5033557046979866,2.5,2.5016772896888533,0.99215686274509796,253,9771b7909856f36285ef4987663e149bfa2959c5cc7944406a41daacc0215945,9771b7909856f36285ef4987663e149bfa2959c5cc7944406a41daacc0215945,9771b7909856f36285ef4987663e149bfa2959c5cc7944406a41daacc0215945,True,True,True,True,1,True,,,True,404131855b7066cf8bd2e7763422a0024e6a56b202bb12e8c3888c705bbd9e68,1fa16505c374084b1db9bde788b36f808cae519cb95da8623d386e7423b53bc5,papers/Paper-II/reproducibility/audits/05K1_materialization/canvases/S07/S07__row0185__s2p50.png
S07,185,Bermuda/8-5.tif,Bermuda::8,3,149,156,149,149,156,156,447,468,3,3,3,0.99215686274509796,253,9771b7909856f36285ef4987663e149bfa2959c5cc7944406a41daacc0215945,9771b7909856f36285ef4987663e149bfa2959c5cc7944406a41daacc0215945,9771b7909856f36285ef4987663e149bfa2959c5cc7944406a41daacc0215945,True,True,True,True,1,True,,,True,3eca0e8923bdb3c57934b59188dd1042661ee44e621835e9f0d6bafed8c59ee1,c35ce25f6050f664c5c03beb5f5cb7cf203e805d86929adadd0b06261229d3a5,papers/Paper-II/reproducibility/audits/05K1_materialization/canvases/S07/S07__row0185__s3p00.png
S09,1591,Shirt/9_10.tif,Shirt::9,1,314,316,0,0,0,0,314,316,1,1,1,0.99607843137254903,254,29ffbccfcb9080fa5ea5ec4322e660b9037d8d7b7d5207764da061ce2e7170b4,29ffbccfcb9080fa5ea5ec4322e660b9037d8d7b7d5207764da061ce2e7170b4,29ffbccfcb9080fa5ea5ec4322e660b9037d8d7b7d5207764da061ce2e7170b4,True,True,True,True,0,True,True,True,True,29ffbccfcb9080fa5ea5ec4322e660b9037d8d7b7d5207764da061ce2e7170b4,a6d2a08ed47c4de706a3bdb7a86d70dd974cb6607f929e05c015edcedf1d07d0,papers/Paper-II/reproducibility/audits/05K1_materialization/canvases/S09/S09__row1591__s1p00.png
S09,1591,Shirt/9_10.tif,Shirt::9,1.1000000000000001,314,316,16,16,16,16,346,348,1.1019108280254777,1.1012658227848102,1.1015882781969719,0.99607843137254903,254,29ffbccfcb9080fa5ea5ec4322e660b9037d8d7b7d5207764da061ce2e7170b4,29ffbccfcb9080fa5ea5ec4322e660b9037d8d7b7d5207764da061ce2e7170b4,29ffbccfcb9080fa5ea5ec4322e660b9037d8d7b7d5207764da061ce2e7170b4,True,True,True,True,1,True,,,True,02882c16e7b216fac16bffa20d2e01c258dadd4e32a42715a878e34dd93bcc11,5dc5b06a4e6e69cbcd65d7f71e5c0d4d04290df34acbd499fce891a130950ca2,papers/Paper-II/reproducibility/audits/05K1_materialization/canvases/S09/S09__row1591__s1p10.png
S09,1591,Shirt/9_10.tif,Shirt::9,1.25,314,316,40,40,40,40,394,396,1.2547770700636942,1.2531645569620253,1.2539705543163593,0.99607843137254903,254,29ffbccfcb9080fa5ea5ec4322e660b9037d8d7b7d5207764da061ce2e7170b4,29ffbccfcb9080fa5ea5ec4322e660b9037d8d7b7d5207764da061ce2e7170b4,29ffbccfcb9080fa5ea5ec4322e660b9037d8d7b7d5207764da061ce2e7170b4,True,True,True,True,1,True,,,True,b4a0f78425e0749984793f2cfc61977f8451d2fd44f52f7de82b36cea4794c39,808461a9d13ee5c7391ca7d0e3ca7a6ffaf1ecd0add5fd1592ef170612136fe4,papers/Paper-II/reproducibility/audits/05K1_materialization/canvases/S09/S09__row1591__s1p25.png
S09,1591,Shirt/9_10.tif,Shirt::9,1.5,314,316,79,79,79,79,472,474,1.5031847133757963,1.5,1.5015915123840087,0.99607843137254903,254,29ffbccfcb9080fa5ea5ec4322e660b9037d8d7b7d5207764da061ce2e7170b4,29ffbccfcb9080fa5ea5ec4322e660b9037d8d7b7d5207764da061ce2e7170b4,29ffbccfcb9080fa5ea5ec4322e660b9037d8d7b7d5207764da061ce2e7170b4,True,True,True,True,1,True,,,True,2cbb71a94b0dd6e4edb0e550bff3f3473ef244602dee9674ede299f207eef8e3,fa3ed9028bad68dd6aa6b56ad394a75960d0e030e095e7ded2118c5da7b07920,papers/Paper-II/reproducibility/audits/05K1_materialization/canvases/S09/S09__row1591__s1p50.png
S09,1591,Shirt/9_10.tif,Shirt::9,2,314,316,157,157,158,158,628,632,2,2,2,0.99607843137254903,254,29ffbccfcb9080fa5ea5ec4322e660b9037d8d7b7d5207764da061ce2e7170b4,29ffbccfcb9080fa5ea5ec4322e660b9037d8d7b7d5207764da061ce2e7170b4,29ffbccfcb9080fa5ea5ec4322e660b9037d8d7b7d5207764da061ce2e7170b4,True,True,True,True,1,True,,,True,febfdd1c4a47bfc6843fcbee4a72879f0a0a56879d7ad776971067ac32c14f98,fd5340608ee279ac73c302662bdac40714a91181325e0c394e8d8775f58c8b1f,papers/Paper-II/reproducibility/audits/05K1_materialization/canvases/S09/S09__row1591__s2p00.png
S09,1591,Shirt/9_10.tif,Shirt::9,2.5,314,316,236,236,237,237,786,790,2.5031847133757963,2.5,2.5015918498906835,0.99607843137254903,254,29ffbccfcb9080fa5ea5ec4322e660b9037d8d7b7d5207764da061ce2e7170b4,29ffbccfcb9080fa5ea5ec4322e660b9037d8d7b7d5207764da061ce2e7170b4,29ffbccfcb9080fa5ea5ec4322e660b9037d8d7b7d5207764da061ce2e7170b4,True,True,True,True,1,True,,,True,ba19d553f3de976f1d981ef517c1c52f19c1fe378eb6d29015e45f239ff2e98f,3a35a8eafbed788375c88696a0f092ea673ef21195ff0ca772ac2a017162b098,papers/Paper-II/reproducibility/audits/05K1_materialization/canvases/S09/S09__row1591__s2p50.png
S09,1591,Shirt/9_10.tif,Shirt::9,3,314,316,314,314,316,316,942,948,3,3,3,0.99607843137254903,254,29ffbccfcb9080fa5ea5ec4322e660b9037d8d7b7d5207764da061ce2e7170b4,29ffbccfcb9080fa5ea5ec4322e660b9037d8d7b7d5207764da061ce2e7170b4,29ffbccfcb9080fa5ea5ec4322e660b9037d8d7b7d5207764da061ce2e7170b4,True,True,True,True,1,True,,,True,2cadfc0c83a56f332414186e3420c9f455651a2484dce71924d1c86a5447ed0f,d8d699808c812d07fee8ed8b624b2485415c049a6f2334069c787ed23e0b7b30,papers/Paper-II/reproducibility/audits/05K1_materialization/canvases/S09/S09__row1591__s3p00.png
S10,2007,Tunic/10_7.tif,Tunic::10,1,557,281,0,0,0,0,557,281,1,1,1,0.99607843137254903,254,2c6a466b287a88a15a5bd2a7eb2938a74869fd2691f2d4bd1443422f0f3b598b,2c6a466b287a88a15a5bd2a7eb2938a74869fd2691f2d4bd1443422f0f3b598b,2c6a466b287a88a15a5bd2a7eb2938a74869fd2691f2d4bd1443422f0f3b598b,True,True,True,True,0,True,True,True,True,2c6a466b287a88a15a5bd2a7eb2938a74869fd2691f2d4bd1443422f0f3b598b,815401168200107027dac2eab1ee91bae181ac908e6d726796e6f8c74307731a,papers/Paper-II/reproducibility/audits/05K1_materialization/canvases/S10/S10__row2007__s1p00.png
S10,2007,Tunic/10_7.tif,Tunic::10,1.1000000000000001,557,281,28,28,15,15,613,311,1.1005385996409336,1.106761565836299,1.1036456966807271,0.99607843137254903,254,2c6a466b287a88a15a5bd2a7eb2938a74869fd2691f2d4bd1443422f0f3b598b,2c6a466b287a88a15a5bd2a7eb2938a74869fd2691f2d4bd1443422f0f3b598b,2c6a466b287a88a15a5bd2a7eb2938a74869fd2691f2d4bd1443422f0f3b598b,True,True,True,True,1,True,,,True,fd66bf94e570a11d2d71d2dfba0130719d0fd72427d62ba9f27bf057df8e4ab3,11875178763c2545b468cd1cbd07055a419ee9380342c9e8f17af083e89eba28,papers/Paper-II/reproducibility/audits/05K1_materialization/canvases/S10/S10__row2007__s1p10.png
S10,2007,Tunic/10_7.tif,Tunic::10,1.25,557,281,70,70,36,36,697,353,1.251346499102334,1.2562277580071175,1.2537847530805997,0.99607843137254903,254,2c6a466b287a88a15a5bd2a7eb2938a74869fd2691f2d4bd1443422f0f3b598b,2c6a466b287a88a15a5bd2a7eb2938a74869fd2691f2d4bd1443422f0f3b598b,2c6a466b287a88a15a5bd2a7eb2938a74869fd2691f2d4bd1443422f0f3b598b,True,True,True,True,1,True,,,True,c25f16e5c8af7c7da0e58eaeb648a17645e4f633c1851c81d8c8d5cf4d56eb32,2f8285e4299c238b739716de24c2eaf7634b5999c02f3b7812e6db58821588b9,papers/Paper-II/reproducibility/audits/05K1_materialization/canvases/S10/S10__row2007__s1p25.png
S10,2007,Tunic/10_7.tif,Tunic::10,1.5,557,281,140,140,71,71,837,423,1.502692998204668,1.5053380782918149,1.5040149567673788,0.99607843137254903,254,2c6a466b287a88a15a5bd2a7eb2938a74869fd2691f2d4bd1443422f0f3b598b,2c6a466b287a88a15a5bd2a7eb2938a74869fd2691f2d4bd1443422f0f3b598b,2c6a466b287a88a15a5bd2a7eb2938a74869fd2691f2d4bd1443422f0f3b598b,True,True,True,True,1,True,,,True,e0af081cc0a4f4a20518093c931123caf4b908dd954371e0c1097336f5487f80,08ac244c6aae049a5c914aaa183f2b1c5eabd6401ddc14e87fd4158ad7b2f91c,papers/Paper-II/reproducibility/audits/05K1_materialization/canvases/S10/S10__row2007__s1p50.png
S10,2007,Tunic/10_7.tif,Tunic::10,2,557,281,279,279,141,141,1115,563,2.0017953321364454,2.0035587188612101,2.0026768314128085,0.99607843137254903,254,2c6a466b287a88a15a5bd2a7eb2938a74869fd2691f2d4bd1443422f0f3b598b,2c6a466b287a88a15a5bd2a7eb2938a74869fd2691f2d4bd1443422f0f3b598b,2c6a466b287a88a15a5bd2a7eb2938a74869fd2691f2d4bd1443422f0f3b598b,True,True,True,True,1,True,,,True,cb7b7b0a3dd15f61926577f945afae99a4fea52dba613254d790e971dc1b6073,e50f741dbc30fb7e51dca900a02f189cd992e6c488f9ebaf81cd08db1f0c16a5,papers/Paper-II/reproducibility/audits/05K1_materialization/canvases/S10/S10__row2007__s2p00.png
S10,2007,Tunic/10_7.tif,Tunic::10,2.5,557,281,418,418,211,211,1393,703,2.5008976660682225,2.5017793594306048,2.5013384739010536,0.99607843137254903,254,2c6a466b287a88a15a5bd2a7eb2938a74869fd2691f2d4bd1443422f0f3b598b,2c6a466b287a88a15a5bd2a7eb2938a74869fd2691f2d4bd1443422f0f3b598b,2c6a466b287a88a15a5bd2a7eb2938a74869fd2691f2d4bd1443422f0f3b598b,True,True,True,True,1,True,,,True,6d055523becbfceec5d553028f7e8343c45e498e3cdab1121ddc59c6eb5f31dd,9d1ed9f550d4fbf5362607eefdfa3e97fa8b3fad2ad270d4d61948b751ef941b,papers/Paper-II/reproducibility/audits/05K1_materialization/canvases/S10/S10__row2007__s2p50.png
S10,2007,Tunic/10_7.tif,Tunic::10,3,557,281,557,557,281,281,1671,843,3,3,3,0.99607843137254903,254,2c6a466b287a88a15a5bd2a7eb2938a74869fd2691f2d4bd1443422f0f3b598b,2c6a466b287a88a15a5bd2a7eb2938a74869fd2691f2d4bd1443422f0f3b598b,2c6a466b287a88a15a5bd2a7eb2938a74869fd2691f2d4bd1443422f0f3b598b,True,True,True,True,1,True,,,True,41dfed8e5924dd257cb69d64a72104200c7ae017816e036b2a551d44d107d2cf,ae2c098ce987d033b15043c22496b0b4d6291f0032695808978aba2d1bb2cfb0,papers/Paper-II/reproducibility/audits/05K1_materialization/canvases/S10/S10__row2007__s3p00.png
