stage,evidence_role,path,sha256,evidence_type,population_scope,inferential_status,interventional_status,synthesis_role
05F2,crop_vs_resampling_replay_script,/Users/nitikagupta/Research/WeaveAI/papers/Paper-II/reproducibility/audits/P2_R0_05F2_crop_vs_resampling_replay.py,e85d4733ae990b04311ac350f0fa3bea881bd795afdfa0ffb8c4a5eae833f823,deterministic_replay_code,2300_images,historical_replay,preprocessing_ablation,Locate the preprocessing transition at which the historical high-band effect changes.
05F2,completed_replay_log,/Users/nitikagupta/Research/WeaveAI/papers/Paper-II/reproducibility/audits/05K4_D0_2_05F_replay_capture/P2_R0_05F2_replay_full_log.txt,8208e3d7674d221e159919b1525c7c7c09e725315f707f3d254da530b8e96ff5,archival_stdout_capture,2300_images,replayed_historical_output,preprocessing_ablation,Authoritative persisted capture of the previously print-only 05F2 comparison.
05F2,replay_environment,/Users/nitikagupta/Research/WeaveAI/papers/Paper-II/reproducibility/audits/05K4_D0_2_05F_replay_capture/environment.txt,0d7d880fedb31ce834446593abd63ed6e71bd30fb49be551bd875edcc4eda16a,environment_provenance,not_applicable,not_applicable,not_applicable,Reproducibility provenance for the archival replay.
05G1,frame_border_gradient_metrics,/Users/nitikagupta/Research/paper2_r0_05g_frame_border_gradient/P2_R0_05G1_frame_border_gradient_metrics.csv,d40b052db1ca17b5f91d2a20cb57caa9d66930a53b341eb80804a292fa75c055,per_image_geometry_diagnostics,2300_images,descriptive,observational_diagnostic,Characterize what changes geometrically when the same crop operation changes raster support.
05G1,frame_border_gradient_report,/Users/nitikagupta/Research/paper2_r0_05g_frame_border_gradient/P2_R0_05G1_report.json,9a66b2147ce36436be18af213869ace81ff168dbaf97406606b0e359b2c10fa0,diagnostic_report,2300_images,descriptive,observational_diagnostic,05G1 execution and integrity summary.
05G2,per_image_spectral_changes,/Users/nitikagupta/Research/paper2_r0_05g_frame_border_gradient/P2_R0_05G2_per_image_spectral_changes.csv,6e4a1ddc8c23844553f5d5557b82159dbe615e7b7ef9198d177f01d950372a07,per_image_spectral_change,2300_images,association_analysis,observational,Connect geometric changes to spectral redistribution.
05G2,identity_level_table,/Users/nitikagupta/Research/paper2_r0_05g_frame_border_gradient/P2_R0_05G2_identity_level_table.csv,aeb20a2956f03396c3a3b83d39f8f911a1b4b951b733f77d0c1b120e28532d99,identity_aggregation,canonical_identity_level,association_analysis,observational,Identity-level aggregation for 05G2.
05G2,mechanism_associations,/Users/nitikagupta/Research/paper2_r0_05g_frame_border_gradient/P2_R0_05G2_mechanism_associations.csv,f632a572ec9c5b5f0102bd884178469ebd2774e178ac83c083423fc6ba4a6faf,association_results,2300_images_with_category_adjustment,association_only,observational,Identify which support descriptors are associated with spectral redistribution.
05G2,mechanism_association_report,/Users/nitikagupta/Research/paper2_r0_05g_frame_border_gradient/P2_R0_05G2_report.json,bbb70ec6cff68d38a04c1cfa800f6f1a236c338150a79d3a7b16584907ad9fa5,association_report,2300_images,association_only,observational,05G2 execution/inference summary.
05J,producer_script_v3,/Users/nitikagupta/Research/WeaveAI/papers/Paper-II/reproducibility/audits/P2_R0_05J_population_support_spectral_audit_V3.py,a4974b232fdb363cffadee99956413a8f887ada1237339c63934bac88ecc7b93,analysis_code,2300_images,population_association_audit,observational,Authoritative code generating the v2-named 05J output directory.
05J,per_image_population_metrics,/Users/nitikagupta/Research/paper2_r0_05i_real_garment_canvas/P2_R0_05I6_highfreq_text_tightsupport/P2_R0_05J_population_support_spectral_audit_v2/P2_R0_05J_per_image_population_metrics.csv,f667d8850c43001f1ee251bc2c14f18765a5289c0ebf8e8be42b972e03f6995a,per_image_population_metrics,2300_images,population_association_audit,observational,Primary 05J population metric table.
05J,associations,/Users/nitikagupta/Research/paper2_r0_05i_real_garment_canvas/P2_R0_05I6_highfreq_text_tightsupport/P2_R0_05J_population_support_spectral_audit_v2/P2_R0_05J_associations.csv,5c9a584ea5bca6ba4159f089722a5982ae120f8c1083675c11e06e805cd9fc6e,association_results,2300_images,permutation_plus_FDR,observational,Population-level association between raster-relative support change and spectral redistribution.
05J,support_change_strata,/Users/nitikagupta/Research/paper2_r0_05i_real_garment_canvas/P2_R0_05I6_highfreq_text_tightsupport/P2_R0_05J_population_support_spectral_audit_v2/P2_R0_05J_support_change_strata.csv,bc6ecf96c0e9674daa419c6b06ad6147d477e6168fb5ef3eb3bd95d630b53eb3,descriptive_stratification,2300_images,descriptive,observational,Descriptive support-change quartile comparison.
05J,category_summary,/Users/nitikagupta/Research/paper2_r0_05i_real_garment_canvas/P2_R0_05I6_highfreq_text_tightsupport/P2_R0_05J_population_support_spectral_audit_v2/P2_R0_05J_category_summary.csv,a15f0c94a48b4e6a476c58bc8a1131a0bdcdeb3cc60d195363c595fd7711f66f,category_summary,23_categories,descriptive,observational,Category-level direction summaries for 05J.
05J,merge_provenance_audit,/Users/nitikagupta/Research/paper2_r0_05i_real_garment_canvas/P2_R0_05I6_highfreq_text_tightsupport/P2_R0_05J_population_support_spectral_audit_v2/P2_R0_05J_merge_provenance_audit.csv,d307fd3164c0603bcbcf7240d8a864e9704df65e0269b62048768aad2f2d4a72,merge_provenance,2300_images,not_applicable,not_applicable,Audit the corrected 05J merge key/provenance.
05J,top_support_change_cases,/Users/nitikagupta/Research/paper2_r0_05i_real_garment_canvas/P2_R0_05I6_highfreq_text_tightsupport/P2_R0_05J_population_support_spectral_audit_v2/P2_R0_05J_top_support_change_cases.csv,c414d4f02bb7c61bc3eaf3278b31140628215d0671afbe57403933a389969023,diagnostic_examples,selected_extreme_cases,descriptive,observational,Diagnostic only; not inferential evidence.
05J,report,/Users/nitikagupta/Research/paper2_r0_05i_real_garment_canvas/P2_R0_05I6_highfreq_text_tightsupport/P2_R0_05J_population_support_spectral_audit_v2/P2_R0_05J_report.json,b273b375285d0ad875a83c0d51b03dd090df84afbbe0bb57f2b3c127abfa1d63,population_audit_report,2300_images,permutation_plus_FDR,observational,Authoritative 05J report.
05K2-B2,sentinel_report,/Users/nitikagupta/Research/WeaveAI/papers/Paper-II/reproducibility/frozen/05K2_B2_Sentinel_Trajectory_Analysis_v1_0/P2_R0_05K2_B2_report.json,46383baa02a7c33c55e5ec65e32c38493cfd5e8e0f32df58cc19501a3a073f18,sentinel_intervention_report,10_diagnostic_sentinels,descriptive_only,controlled_same_pixel_support_intervention,Early controlled intervention sanity check; not population evidence.
05K3-D,calibration_report,/Users/nitikagupta/Research/WeaveAI/papers/Paper-II/reproducibility/frozen/05K3_D_Calibration_Trajectory_Analysis_v1_0/P2_R0_05K3_D_report.json,4ad144a58f16149c69374843e5bbd8197a9710b111296557b33fbcd42b6c8c8b,calibration_intervention_report,230_deterministically_selected_cases,descriptive_calibration,controlled_same_pixel_support_intervention,Intermediate-scale calibration before population intervention.
05K3-D,calibration_category_summary,/Users/nitikagupta/Research/WeaveAI/papers/Paper-II/reproducibility/frozen/05K3_D_Calibration_Trajectory_Analysis_v1_0/P2_R0_05K3_D_category_endpoint_summary_23.csv,60fdf63ccdd7fbe2686914580759b4c2e0819a2ad5bf32171103681fad950573,category_descriptive_summary,23_categories_230_cases,descriptive_calibration,controlled_same_pixel_support_intervention,Category breadth check during calibration.
05K4-C,primary_category_effects,/Users/nitikagupta/Research/WeaveAI/papers/Paper-II/reproducibility/frozen/05K4_C_Primary_Trajectory_Inference_v1_0/P2_R0_05K4_C_category_endpoint_effects_23.csv,91f549289f95bc0beae723c66a2ed4d71169c63f4894200345376ac2d397dc41,primary_category_effects,23_categories_2300_images,primary_inferential_input,controlled_same_pixel_support_intervention,Category-level endpoint effects for primary inference.
05K4-C,primary_exact_inference,/Users/nitikagupta/Research/WeaveAI/papers/Paper-II/reproducibility/frozen/05K4_C_Primary_Trajectory_Inference_v1_0/P2_R0_05K4_C_exact_category_signflip_inference.csv,a378b36f457fced975967f75cfb229e9a6b8798fcafd649e93f97f948727bde7,exact_category_signflip_inference,23_category_units,exact_joint_signflip_maxT,controlled_same_pixel_support_intervention,Primary directional inference with exact joint sign-flip max-T FWER control.
05K4-C,primary_image_endpoints,/Users/nitikagupta/Research/WeaveAI/papers/Paper-II/reproducibility/frozen/05K4_C_Primary_Trajectory_Inference_v1_0/P2_R0_05K4_C_per_image_endpoint_summary_2300.csv,ee2993069e3a3b062e411dc9acbedda81039eb33aee3993a100908a12fe27e19,per_image_descriptive_endpoint,2300_images,descriptive_only,controlled_same_pixel_support_intervention,Image-level breadth and heterogeneity.
05K4-C,primary_support_trajectory,/Users/nitikagupta/Research/WeaveAI/papers/Paper-II/reproducibility/frozen/05K4_C_Primary_Trajectory_Inference_v1_0/P2_R0_05K4_C_support_level_descriptive_summary.csv,f8bfc45ec6fd0f4a156b7e20db66bd476e3c19e2bdfe5ba91c2fdb98166b0b93,support_level_descriptive_trajectory,2300_images_x_7_support_levels,descriptive_only,controlled_same_pixel_support_intervention,Aggregate support-level response trajectory; not individual monotonicity evidence.
05K4-C,primary_report,/Users/nitikagupta/Research/WeaveAI/papers/Paper-II/reproducibility/frozen/05K4_C_Primary_Trajectory_Inference_v1_0/P2_R0_05K4_C_report.json,9bd7a370176dd805681e377e3f2cdfcb3f06d6ea24c7619c735d26cad1a53e6b,primary_analysis_report,2300_images_23_categories,primary_analysis,controlled_same_pixel_support_intervention,Authoritative primary-analysis report.
