row_index,support_factor,raster_max_field_abs_diff_from_s1,raster_max_band_abs_diff_from_s1,intrinsic_max_field_abs_diff_from_s1,intrinsic_max_band_abs_diff_from_s1,intrinsic_field_exact_from_s1,intrinsic_band_exact_from_s1
0,1,0,0,0,0,True,True
0,1.1000000000000001,0.43491419212418991,0.028188107175447036,0,0,True,True
0,1.25,0.42481139169880888,0.03620252712413255,0,0,True,True
0,1.5,0.4512582781456953,0.045630596491457953,0,0,True,True
0,2,0.47385990416195545,0.064996599198290483,0,0,True,True
0,2.5,0.53333333333333333,0.087721706920761422,0,0,True,True
0,3,0.59999999999999998,0.09640956445659471,0,0,True,True
10,1,0,0,0,0,True,True
10,1.1000000000000001,0.35897190043263627,0.011072034318459656,0,0,True,True
10,1.25,0.40163881355078668,0.020263266779689482,0,0,True,True
10,1.5,0.40394919789220324,0.033591417399868123,0,0,True,True
10,2,0.40966113006426441,0.035887970265311431,0,0,True,True
10,2.5,0.41206147090207101,0.04058847502207874,0,0,True,True
10,3,0.41438079799839656,0.035962127095364227,0,0,True,True
20,1,0,0,0,0,True,True
20,1.1000000000000001,0.5,0.022513688875396898,0,0,True,True
20,1.25,0.5,0.026304286118152248,0,0,True,True
20,1.5,0.467741935483871,0.032659942764443006,0,0,True,True
20,2,0.467741935483871,0.033482028635388017,0,0,True,True
20,2.5,0.5393258426966292,0.057782991663444361,0,0,True,True
20,3,0.62222222222222223,0.087119214499422046,0,0,True,True
30,1,0,0,0,0,True,True
30,1.1000000000000001,0.55323529411764705,0.048801517319819993,0,0,True,True
30,1.25,0.60839160839160844,0.045553733541295494,0,0,True,True
30,1.5,0.7142857142857143,0.052996768590032384,0,0,True,True
30,2,0.7142857142857143,0.083178335274290471,0,0,True,True
30,2.5,0.7142857142857143,0.072096978918736843,0,0,True,True
30,3,0.7142857142857143,0.066018666859521069,0,0,True,True
40,1,0,0,0,0,True,True
40,1.1000000000000001,0.53322604209469016,0.042059393821466617,0,0,True,True
40,1.25,0.54759178839320966,0.086931669511280452,0,0,True,True
40,1.5,0.5297327528871153,0.11800137340297794,0,0,True,True
40,2,0.53846153846153844,0.083733681131457405,0,0,True,True
40,2.5,0.55413054123340144,0.069321565161695686,0,0,True,True
40,3,0.57298581521374714,0.0546582602160402,0,0,True,True
50,1,0,0,0,0,True,True
50,1.1000000000000001,0.375,0.058991105361686974,0,0,True,True
50,1.25,0.69999999999999996,0.066608368419754205,0,0,True,True
50,1.5,0.92307692307692313,0.075550267799262438,0,0,True,True
50,2,1,0.096711551746418767,0,0,True,True
50,2.5,1,0.089081887094415557,0,0,True,True
50,3,1,0.082979706511245865,0,0,True,True
60,1,0,0,0,0,True,True
60,1.1000000000000001,0.58180610889774242,0.027305533721672492,0,0,True,True
60,1.25,0.63180610889774236,0.055717062287493596,0,0,True,True
60,1.5,0.68273203482366829,0.12060031709247569,0,0,True,True
60,2,1,0.043840475512713417,0,0,True,True
60,2.5,1,0.032296802701959171,0,0,True,True
60,3,1,0.041099514114738889,0,0,True,True
70,1,0,0,0,0,True,True
70,1.1000000000000001,0.36802794583693466,0.0087978971785386828,0,0,True,True
70,1.25,0.36197771752643237,0.015142970387273053,0,0,True,True
70,1.5,0.37181582462481344,0.024577595708107192,0,0,True,True
70,2,0.59615384615384615,0.059248304513440167,0,0,True,True
70,2.5,0.75,0.043273727316592542,0,0,True,True
70,3,0.75,0.045300301431879825,0,0,True,True
80,1,0,0,0,0,True,True
80,1.1000000000000001,0.38666362213157979,0.0062859500917962496,0,0,True,True
80,1.25,0.38898429553116415,0.0067498450739422733,0,0,True,True
80,1.5,0.4363636363636364,0.0015329002052041352,0,0,True,True
80,2,0.69078947368421051,0.022224549465203775,0,0,True,True
80,2.5,0.76041666666666663,0.057599084936791417,0,0,True,True
80,3,0.78713968957871394,0.079947834198124318,0,0,True,True
90,1,0,0,0,0,True,True
90,1.1000000000000001,0.52366628469569654,0.0076828810270001546,0,0,True,True
90,1.25,0.52244197201553655,0.0070326579076205875,0,0,True,True
90,1.5,0.52700249467696325,0.0029369826191871229,0,0,True,True
90,2,0.53399787750151606,0.01369892019994165,0,0,True,True
90,2.5,0.53304117647058824,0.022523720110464024,0,0,True,True
90,3,0.59489159489159493,0.036679405071494864,0,0,True,True
100,1,0,0,0,0,True,True
100,1.1000000000000001,0.66491504365206333,0.039572132725319953,0,0,True,True
100,1.25,0.63020102851799908,0.036594088210842618,0,0,True,True
100,1.5,0.71066079863294151,0.038396666065272783,0,0,True,True
100,2,0.76250343401628085,0.043942188834546342,0,0,True,True
100,2.5,0.78949306391622909,0.057966819694763666,0,0,True,True
100,3,0.78706377361603819,0.072532244711915023,0,0,True,True
110,1,0,0,0,0,True,True
110,1.1000000000000001,0.74626865671641796,0.015550501787461868,0,0,True,True
110,1.25,0.74626865671641796,0.020628584781508169,0,0,True,True
110,1.5,0.62061874105865522,0.026372349619364216,0,0,True,True
110,2,0.72452952628163536,0.050209728141440979,0,0,True,True
110,2.5,0.74626865671641796,0.065293844542138213,0,0,True,True
110,3,0.7336423940901553,0.086270594246844717,0,0,True,True
120,1,0,0,0,0,True,True
120,1.1000000000000001,0.4928161022688386,0.019917030353766463,0,0,True,True
120,1.25,0.50154387766328068,0.0199103622262225,0,0,True,True
120,1.5,0.50258481497364804,0.018431017442704922,0,0,True,True
120,2,0.50601951258189393,0.033187544164039851,0,0,True,True
120,2.5,0.50626485305563418,0.01851475613649059,0,0,True,True
120,3,0.5066982242554301,0.021580251813438034,0,0,True,True
130,1,0,0,0,0,True,True
130,1.1000000000000001,0.62762916338840802,0.056935558497856115,0,0,True,True
130,1.25,0.6608647450110865,0.056695546793033957,0,0,True,True
130,1.5,0.73398727465535518,0.04490981782655773,0,0,True,True
130,2,0.7689124350259896,0.056736672961583606,0,0,True,True
130,2.5,0.79268292682926822,0.074430434424747477,0,0,True,True
130,3,0.79837912936091382,0.084362192948298498,0,0,True,True
140,1,0,0,0,0,True,True
140,1.1000000000000001,0.57273755656108594,0.020320356806862339,0,0,True,True
140,1.25,0.55510575016523456,0.024761025258594416,0,0,True,True
140,1.5,0.59999999999999998,0.029478571998211078,0,0,True,True
140,2,0.58746877129230068,0.047808782080564022,0,0,True,True
140,2.5,0.58385896527285608,0.061876304440457441,0,0,True,True
140,3,0.58903610949330221,0.065528764080877738,0,0,True,True
150,1,0,0,0,0,True,True
150,1.1000000000000001,0.53261689291101055,0.011590296513501963,0,0,True,True
150,1.25,0.53426503051551744,0.019345901651065978,0,0,True,True
150,1.5,0.53625036738464116,0.025772447465396808,0,0,True,True
150,2,0.54395309360493316,0.03674084001012129,0,0,True,True
150,2.5,0.54759527113204109,0.053053381482504158,0,0,True,True
150,3,0.55174573522171055,0.068508464177071765,0,0,True,True
160,1,0,0,0,0,True,True
160,1.1000000000000001,0.25388601036269431,0.0052537364621030036,0,0,True,True
160,1.25,0.30718954248366015,0.031813792277779362,0,0,True,True
160,1.5,0.48063127690100432,0.055704315457208026,0,0,True,True
160,2,0.52941176470588236,0.075016741967613265,0,0,True,True
160,2.5,0.52941176470588236,0.084359799948866082,0,0,True,True
160,3,0.52941176470588236,0.080960503486075308,0,0,True,True
170,1,0,0,0,0,True,True
170,1.1000000000000001,0.42307692307692307,0.0079056595804534446,0,0,True,True
170,1.25,0.42307692307692307,0.013010482758490038,0,0,True,True
170,1.5,0.42307692307692307,0.016551008002891887,0,0,True,True
170,2,0.46666666666666662,0.026462931858072414,0,0,True,True
170,2.5,0.54074074074074074,0.028343373603164801,0,0,True,True
170,3,0.5692090395480226,0.036272589178679981,0,0,True,True
180,1,0,0,0,0,True,True
180,1.1000000000000001,0.34698839128248349,0.0080187412314407236,0,0,True,True
180,1.25,0.35779989616178498,0.024777437459700236,0,0,True,True
180,1.5,0.37730381566570448,0.025634812986212618,0,0,True,True
180,2,0.39164029215357538,0.036158152847115488,0,0,True,True
180,2.5,0.39594346780050227,0.043978248272302983,0,0,True,True
180,3,0.39920658295592565,0.031986827487158837,0,0,True,True
190,1,0,0,0,0,True,True
190,1.1000000000000001,0.39333121625912987,0.014651294482340899,0,0,True,True
190,1.25,0.39771607164322631,0.02364849919267506,0,0,True,True
190,1.5,0.4066631331869463,0.02264939030085289,0,0,True,True
190,2,0.4231550699635806,0.026286403032384553,0,0,True,True
190,2.5,0.43119655196004653,0.028128863179832209,0,0,True,True
190,3,0.43714545426533347,0.039636806615710563,0,0,True,True
200,1,0,0,0,0,True,True
200,1.1000000000000001,0.29417790325963222,0.011946977930464064,0,0,True,True
200,1.25,0.28748319191790733,0.025183537595778988,0,0,True,True
200,1.5,0.31707317073170732,0.023824813188272703,0,0,True,True
200,2,0.28772106768728678,0.035546491452055878,0,0,True,True
200,2.5,0.287800264854291,0.045308562213136089,0,0,True,True
200,3,0.28807768222659363,0.048121091788756426,0,0,True,True
210,1,0,0,0,0,True,True
210,1.1000000000000001,1,0.0033702847977975792,0,0,True,True
210,1.25,1,0.017602220241515421,0,0,True,True
210,1.5,1,0.032543231825727409,0,0,True,True
210,2,1,0.0181448893082439,0,0,True,True
210,2.5,1,0.019118012147216673,0,0,True,True
210,3,1,0.01371654832722069,0,0,True,True
220,1,0,0,0,0,True,True
220,1.1000000000000001,0.27663278750235271,0.0066681680501381457,0,0,True,True
220,1.25,0.25631541454326262,0.006990309295009739,0,0,True,True
220,1.5,0.26163836163836163,0.012040727211296398,0,0,True,True
220,2,0.28253340862036513,0.045507993385226972,0,0,True,True
220,2.5,0.33636363636363636,0.07284874247272255,0,0,True,True
220,3,0.39473684210526316,0.0621505777330216,0,0,True,True
230,1,0,0,0,0,True,True
230,1.1000000000000001,0.22935779816513763,0.005929631627658194,0,0,True,True
230,1.25,0.24770642201834864,0.020028934593661563,0,0,True,True
230,1.5,0.24770642201834864,0.018518289722981252,0,0,True,True
230,2,0.24770642201834864,0.032464268966898024,0,0,True,True
230,2.5,0.22860165449784084,0.03923170150008079,0,0,True,True
230,3,0.2299549427284078,0.045309426090271859,0,0,True,True
240,1,0,0,0,0,True,True
240,1.1000000000000001,1,0.010486541393558924,0,0,True,True
240,1.25,1,0.0023560762169438365,0,0,True,True
240,1.5,1,0.013802349908034028,0,0,True,True
240,2,1,0.013508038650187931,0,0,True,True
240,2.5,1,0.0078403981845707182,0,0,True,True
240,3,1,0.038670906448986769,0,0,True,True
250,1,0,0,0,0,True,True
250,1.1000000000000001,1,0.009144462543704629,0,0,True,True
250,1.25,1,0.0042466411589497932,0,0,True,True
250,1.5,1,0.00707744833084617,0,0,True,True
250,2,1,0.033662852120267595,0,0,True,True
250,2.5,1,0.021665262881445241,0,0,True,True
250,3,1,0.023180727220159347,0,0,True,True
260,1,0,0,0,0,True,True
260,1.1000000000000001,1,0.011355267931218438,0,0,True,True
260,1.25,1,0.0074582264981714885,0,0,True,True
260,1.5,1,0.0059866493861321923,0,0,True,True
260,2,1,0.0160859722461274,0,0,True,True
260,2.5,1,0.038046366206427762,0,0,True,True
260,3,1,0.026592605954853188,0,0,True,True
270,1,0,0,0,0,True,True
270,1.1000000000000001,1,0.015346287179695189,0,0,True,True
270,1.25,1,0.0076109103367169584,0,0,True,True
270,1.5,1,0.0050292528537015102,0,0,True,True
270,2,1,0.011768462112390105,0,0,True,True
270,2.5,1,0.02692191732671026,0,0,True,True
270,3,1,0.019238696160050861,0,0,True,True
280,1,0,0,0,0,True,True
280,1.1000000000000001,0.29036181210094253,0.013227800254304256,0,0,True,True
280,1.25,0.33505154639175255,0.019270820073046924,0,0,True,True
280,1.5,0.33505154639175255,0.020739988029066625,0,0,True,True
280,2,0.43060869565217397,0.02860574275338465,0,0,True,True
280,2.5,0.55284552845528456,0.047953637396831422,0,0,True,True
280,3,0.64928909952606628,0.069819104568003748,0,0,True,True
290,1,0,0,0,0,True,True
290,1.1000000000000001,0.46334149998171648,0.037801341701457047,0,0,True,True
290,1.25,0.47910893038329322,0.039430636125889373,0,0,True,True
290,1.5,0.50714438699017839,0.045225922184258166,0,0,True,True
290,2,0.52533444816053509,0.057076822395409677,0,0,True,True
290,2.5,0.55257774140752858,0.070939275173452027,0,0,True,True
290,3,0.5811213434452871,0.075388626068989079,0,0,True,True
300,1,0,0,0,0,True,True
300,1.1000000000000001,0.61857497427151764,0.025314205468952911,0,0,True,True
300,1.25,0.62507639391531911,0.035153665361249503,0,0,True,True
300,1.5,0.63293236305470146,0.045899335908100469,0,0,True,True
300,2,0.64154289255263408,0.053465931260591515,0,0,True,True
300,2.5,0.64574465759776523,0.042293437034359727,0,0,True,True
300,3,0.64816603082928426,0.039673493210608313,0,0,True,True
310,1,0,0,0,0,True,True
310,1.1000000000000001,0.5032190211557257,0.010235620805445989,0,0,True,True
310,1.25,0.50332871687313308,0.015658137508590325,0,0,True,True
310,1.5,0.49938468515962064,0.027593719219764945,0,0,True,True
310,2,0.4979512369770176,0.033257282287939061,0,0,True,True
310,2.5,0.49671752297165123,0.044704068804309938,0,0,True,True
310,3,0.49481149962134913,0.049123085389914153,0,0,True,True
320,1,0,0,0,0,True,True
320,1.1000000000000001,0.59910197869101967,0.012507658640592029,0,0,True,True
320,1.25,0.63081236897274628,0.017217170039776658,0,0,True,True
320,1.5,0.6764386431391507,0.026416281164663852,0,0,True,True
320,2,0.71904876099120696,0.045097970128537668,0,0,True,True
320,2.5,0.74059862374284191,0.064481828187023665,0,0,True,True
320,3,0.75222141343556392,0.073469234988050608,0,0,True,True
330,1,0,0,0,0,True,True
330,1.1000000000000001,0.26079189398250535,0.0046022602761162934,0,0,True,True
330,1.25,0.26142712938342394,0.0070918209181242142,0,0,True,True
330,1.5,0.26201490535686206,0.010167244778322482,0,0,True,True
330,2,0.36019869171301644,0.019151802318632477,0,0,True,True
330,2.5,0.47649424981836869,0.028615295058987744,0,0,True,True
330,3,0.53529611044061909,0.036820924564684915,0,0,True,True
340,1,0,0,0,0,True,True
340,1.1000000000000001,0.58104435074192873,0.011402859457536135,0,0,True,True
340,1.25,0.58171867501039465,0.013997858135204599,0,0,True,True
340,1.5,0.58389695083247661,0.021185859552152769,0,0,True,True
340,2,0.58585495942812527,0.037738551023275807,0,0,True,True
340,2.5,0.58714840678283264,0.059048812605448142,0,0,True,True
340,3,0.58751165771026248,0.072244601828134025,0,0,True,True
350,1,0,0,0,0,True,True
350,1.1000000000000001,0.34640026674833241,0.0097869180088100971,0,0,True,True
350,1.25,0.34842786369700007,0.010816420865978976,0,0,True,True
350,1.5,0.45756921970514203,0.020556038453261399,0,0,True,True
350,2,0.54968383017163502,0.021768596803243001,0,0,True,True
350,2.5,0.57133434804667682,0.020772612883099228,0,0,True,True
350,3,0.57407407407407407,0.025280772142367403,0,0,True,True
360,1,0,0,0,0,True,True
360,1.1000000000000001,0.42705641429088903,0.023118557069154999,0,0,True,True
360,1.25,0.40483538478930187,0.025819664409523019,0,0,True,True
360,1.5,0.42878673654771743,0.031435600470851283,0,0,True,True
360,2,0.4642857142857143,0.054170154244138374,0,0,True,True
360,2.5,0.58677685950413228,0.088083653078605134,0,0,True,True
360,3,0.66878980891719753,0.1046344166796951,0,0,True,True
370,1,0,0,0,0,True,True
370,1.1000000000000001,0.62023809523809526,0.019649330882218596,0,0,True,True
370,1.25,0.64434651909544305,0.025929955093758644,0,0,True,True
370,1.5,0.672806484295846,0.026115566652322619,0,0,True,True
370,2,0.70919827102888244,0.030858920553677283,0,0,True,True
370,2.5,0.72386251467639195,0.048239638908530058,0,0,True,True
370,3,0.75887937687323892,0.076878618222611134,0,0,True,True
380,1,0,0,0,0,True,True
380,1.1000000000000001,0.39750462741052123,0.017007063095094893,0,0,True,True
380,1.25,0.39937435625490775,0.027393901694034745,0,0,True,True
380,1.5,0.40117674077945681,0.041260054609723956,0,0,True,True
380,2,0.40358681282017705,0.058884887144882408,0,0,True,True
380,2.5,0.4052908166767753,0.070428085498139198,0,0,True,True
380,3,0.40614526229986098,0.080530540680714552,0,0,True,True
390,1,0,0,0,0,True,True
390,1.1000000000000001,0.41772151898734178,0.0051170299353355819,0,0,True,True
390,1.25,0.42388278340581786,0.0077319964029783361,0,0,True,True
390,1.5,0.43542395614451873,0.01670059422479539,0,0,True,True
390,2,0.44986203591908569,0.021530408914583216,0,0,True,True
390,2.5,0.45538176617808912,0.018922168174990928,0,0,True,True
390,3,0.45705680634350337,0.015830590652626486,0,0,True,True
400,1,0,0,0,0,True,True
400,1.1000000000000001,0.68403734312825226,0.013900740326054956,0,0,True,True
400,1.25,0.6956535047444139,0.026893074037185799,0,0,True,True
400,1.5,0.70794594292384283,0.026220187005419754,0,0,True,True
400,2,0.71987344065266146,0.028255246943695606,0,0,True,True
400,2.5,0.72656670918703004,0.033983213474093749,0,0,True,True
400,3,0.72920016837254809,0.039341742099400862,0,0,True,True
410,1,0,0,0,0,True,True
410,1.1000000000000001,0.20801548365141931,0.01062250127340697,0,0,True,True
410,1.25,0.20781992254673831,0.019115497028342116,0,0,True,True
410,1.5,0.20875989393474828,0.024909648954174135,0,0,True,True
410,2,0.36842105263157898,0.044630918705241635,0,0,True,True
410,2.5,0.52230971128608927,0.057177605056834085,0,0,True,True
410,3,0.60856269113149852,0.061406725962336955,0,0,True,True
420,1,0,0,0,0,True,True
420,1.1000000000000001,0.42490906627998454,0.013527579986951477,0,0,True,True
420,1.25,0.42009803921568623,0.019842250452633825,0,0,True,True
420,1.5,0.43594462279969998,0.027607666976503464,0,0,True,True
420,2,0.44985994397759099,0.03416901694279309,0,0,True,True
420,2.5,0.45675634240158891,0.035795822931112831,0,0,True,True
420,3,0.47373516681508482,0.045103866408268745,0,0,True,True
430,1,0,0,0,0,True,True
430,1.1000000000000001,0.68764366127597665,0.015599808886875538,0,0,True,True
430,1.25,0.69249351802638948,0.027990419173883313,0,0,True,True
430,1.5,0.69415852291332025,0.03518090997273815,0,0,True,True
430,2,0.69691962146272524,0.055810669443095179,0,0,True,True
430,2.5,0.69848141294918198,0.080716674830338536,0,0,True,True
430,3,0.69989081939931475,0.089445324433844925,0,0,True,True
440,1,0,0,0,0,True,True
440,1.1000000000000001,0.40924453076381245,0.027493153709480994,0,0,True,True
440,1.25,0.40966538757338233,0.047192326137425494,0,0,True,True
440,1.5,0.5688405797101449,0.04476314888618832,0,0,True,True
440,2,0.66666666666666663,0.02113480538948706,0,0,True,True
440,2.5,0.66666666666666663,0.028045564780045468,0,0,True,True
440,3,0.66666666666666663,0.029089105620414335,0,0,True,True
450,1,0,0,0,0,True,True
450,1.1000000000000001,0.38409840597825007,0.018356234987678077,0,0,True,True
450,1.25,0.3982921798713332,0.014381062711574771,0,0,True,True
450,1.5,0.41709916923465062,0.0062970582389090812,0,0,True,True
450,2,0.43789056770250734,0.010621546488409517,0,0,True,True
450,2.5,0.44753658139848562,0.013953176532431333,0,0,True,True
450,3,0.45300063673989172,0.025968738917243855,0,0,True,True
460,1,0,0,0,0,True,True
460,1.1000000000000001,0.39002259790259419,0.0093269563779334597,0,0,True,True
460,1.25,0.38920126315049097,0.019460431523442845,0,0,True,True
460,1.5,0.38935967969701024,0.026441327374444573,0,0,True,True
460,2,0.38937356054990857,0.031693410157329571,0,0,True,True
460,2.5,0.38931872797558453,0.044738881091642146,0,0,True,True
460,3,0.38930488284200032,0.037727610901636566,0,0,True,True
470,1,0,0,0,0,True,True
470,1.1000000000000001,0.33835706281373601,0.017870622465329361,0,0,True,True
470,1.25,0.31211890825564692,0.020781790220005841,0,0,True,True
470,1.5,0.30674550782258292,0.0096755940185635769,0,0,True,True
470,2,0.3132539274021009,0.039659333289239984,0,0,True,True
470,2.5,0.38088504790733996,0.056752200452384188,0,0,True,True
470,3,0.50248756218905477,0.072950511342192853,0,0,True,True
480,1,0,0,0,0,True,True
480,1.1000000000000001,0.37741089592503529,0.001727457181066927,0,0,True,True
480,1.25,0.37953985472736762,0.0085174811118932936,0,0,True,True
480,1.5,0.38133377833787752,0.0047788282956759687,0,0,True,True
480,2,0.38424645994119488,0.01155236686079178,0,0,True,True
480,2.5,0.38604495985513859,0.016306636407437625,0,0,True,True
480,3,0.44719671229913749,0.03123872334925204,0,0,True,True
490,1,0,0,0,0,True,True
490,1.1000000000000001,0.54717607749619401,0.019492745258548078,0,0,True,True
490,1.25,0.55048512424786367,0.023995793348630806,0,0,True,True
490,1.5,0.55639638711675476,0.013531826678457259,0,0,True,True
490,2,0.56257165058407477,0.030783116427876345,0,0,True,True
490,2.5,0.56751899268714467,0.032067435814879086,0,0,True,True
490,3,0.56985220864690134,0.030340554105323658,0,0,True,True
500,1,0,0,0,0,True,True
500,1.1000000000000001,0.41308157348833391,0.026017923384481445,0,0,True,True
500,1.25,0.39508020754677875,0.033076981416786333,0,0,True,True
500,1.5,0.40750043243173928,0.041606600170148444,0,0,True,True
500,2,0.42715665411687676,0.074981111411424634,0,0,True,True
500,2.5,0.53827021822849808,0.10279632045852312,0,0,True,True
500,3,0.59464992586345278,0.12592689160569809,0,0,True,True
502,1,0,0,0,0,True,True
502,1.1000000000000001,0.63198355985241239,0.037113275505462673,0,0,True,True
502,1.25,0.64099105520865174,0.061356694773469556,0,0,True,True
502,1.5,0.64802050511578602,0.091552917235835141,0,0,True,True
502,2,0.65798126127515244,0.11828705678387519,0,0,True,True
502,2.5,0.66390011910495572,0.13875606321592177,0,0,True,True
502,3,0.66800586892552927,0.15146469643813992,0,0,True,True
520,1,0,0,0,0,True,True
520,1.1000000000000001,0.71646999948359591,0.021661540340686625,0,0,True,True
520,1.25,0.717330309195092,0.053190432394188969,0,0,True,True
520,1.5,0.72599161687755709,0.080110662931631105,0,0,True,True
520,2,0.74159458105612586,0.12440665137463292,0,0,True,True
520,2.5,0.75647685395818753,0.15348035537907467,0,0,True,True
520,3,0.7641231269325045,0.1608538244040123,0,0,True,True
530,1,0,0,0,0,True,True
530,1.1000000000000001,0.43686734463827842,0.023306143951068836,0,0,True,True
530,1.25,0.4463043986831074,0.050044750862422716,0,0,True,True
530,1.5,0.41942324914654355,0.063949212552230295,0,0,True,True
530,2,0.42069684597854856,0.070065871893508103,0,0,True,True
530,2.5,0.4203323438284845,0.062197350015782693,0,0,True,True
530,3,0.42111628636157084,0.061265222966694122,0,0,True,True
540,1,0,0,0,0,True,True
540,1.1000000000000001,0.39992020388949462,0.036004453187097385,0,0,True,True
540,1.25,0.42993450436946345,0.05015451646978264,0,0,True,True
540,1.5,0.41209722266374582,0.071041286151271421,0,0,True,True
540,2,0.43024414034222158,0.087245367619893321,0,0,True,True
540,2.5,0.44176490878148189,0.09947948023179054,0,0,True,True
540,3,0.44901912653440046,0.11352580734216011,0,0,True,True
550,1,0,0,0,0,True,True
550,1.1000000000000001,0.34539939894197225,0.017449956994825072,0,0,True,True
550,1.25,0.34954435400341732,0.035163608020716469,0,0,True,True
550,1.5,0.35542017126868514,0.051904236858077907,0,0,True,True
550,2,0.49049382716049383,0.093033200618277079,0,0,True,True
550,2.5,0.5861250805931657,0.11032034527324151,0,0,True,True
550,3,0.62777630999559664,0.10649866734949044,0,0,True,True
560,1,0,0,0,0,True,True
560,1.1000000000000001,0.46944543403396277,0.0094864569709928459,0,0,True,True
560,1.25,0.47868403856668496,0.022429595478093423,0,0,True,True
560,1.5,0.47613777666989726,0.043353635070279339,0,0,True,True
560,2,0.47457042059191995,0.071409608751623332,0,0,True,True
560,2.5,0.47588279362703001,0.090343798992114588,0,0,True,True
560,3,0.47619856798846466,0.10379482543387625,0,0,True,True
570,1,0,0,0,0,True,True
570,1.1000000000000001,0.49279060333089764,0.029477473754254857,0,0,True,True
570,1.25,0.53432104413860704,0.073826680095926522,0,0,True,True
570,1.5,0.57999626514547387,0.14736489519597351,0,0,True,True
570,2,0.59939804364183602,0.16242876221597391,0,0,True,True
570,2.5,0.59939804364183602,0.15022517135450653,0,0,True,True
570,3,0.59939804364183602,0.13599606965815131,0,0,True,True
580,1,0,0,0,0,True,True
580,1.1000000000000001,0.77131384817871729,0.034459145505745081,0,0,True,True
580,1.25,0.70173446335591905,0.084004280063564252,0,0,True,True
580,1.5,0.63704000077964806,0.12896904412116184,0,0,True,True
580,2,0.6421879339800558,0.17637242402204306,0,0,True,True
580,2.5,0.64514756121930672,0.20163407149245305,0,0,True,True
580,3,0.6469338315818709,0.21677425041269333,0,0,True,True
590,1,0,0,0,0,True,True
590,1.1000000000000001,0.52845924374503528,0.039614204069513492,0,0,True,True
590,1.25,0.54200557383439074,0.058510664166512072,0,0,True,True
590,1.5,0.55871260163123626,0.07375278001577501,0,0,True,True
590,2,0.58103719938509613,0.079303659467155563,0,0,True,True
590,2.5,0.59777887194760637,0.077099197026335664,0,0,True,True
590,3,0.60439338490341377,0.079174376854615702,0,0,True,True
600,1,0,0,0,0,True,True
600,1.1000000000000001,0.5223110373335349,0.0060015733050953202,0,0,True,True
600,1.25,0.40795969633957191,0.014481806329771668,0,0,True,True
600,1.5,0.41257399302896247,0.042297704657428242,0,0,True,True
600,2,0.56369202824246334,0.094274684019518787,0,0,True,True
600,2.5,0.71731448763250882,0.098916836959246787,0,0,True,True
600,3,0.85185185185185186,0.097133351669138959,0,0,True,True
610,1,0,0,0,0,True,True
610,1.1000000000000001,0.69996666746029856,0.032281036459348933,0,0,True,True
610,1.25,0.69792628945342572,0.085295056930733193,0,0,True,True
610,1.5,0.7026130548506988,0.1199078830528113,0,0,True,True
610,2,0.71927028800729409,0.15641859206752312,0,0,True,True
610,2.5,0.73683235541337855,0.16696413989755754,0,0,True,True
610,3,0.74979663857367052,0.17856302756861758,0,0,True,True
620,1,0,0,0,0,True,True
620,1.1000000000000001,0.46986262543939306,0.025040101244673929,0,0,True,True
620,1.25,0.41660373397821798,0.069179962774284454,0,0,True,True
620,1.5,0.56248402760030669,0.089894145328314773,0,0,True,True
620,2,0.80294138955299577,0.099129156320999834,0,0,True,True
620,2.5,0.83720930232558144,0.090821442806167274,0,0,True,True
620,3,0.83720930232558144,0.082989020214891157,0,0,True,True
630,1,0,0,0,0,True,True
630,1.1000000000000001,0.4851886919251317,0.013875798928835725,0,0,True,True
630,1.25,0.47426846947899742,0.010775345190977503,0,0,True,True
630,1.5,0.48547682545219784,0.0038277545356287801,0,0,True,True
630,2,0.49639808542231134,0.012053836724393086,0,0,True,True
630,2.5,0.49704512917895799,0.01723945755856876,0,0,True,True
630,3,0.49741518785599126,0.012040936830548965,0,0,True,True
640,1,0,0,0,0,True,True
640,1.1000000000000001,0.49385690165364338,0.033696580065808168,0,0,True,True
640,1.25,0.49901797989164465,0.047230255800175369,0,0,True,True
640,1.5,0.51170330386517504,0.06416729262696752,0,0,True,True
640,2,0.52710184099614366,0.0838186760444391,0,0,True,True
640,2.5,0.53639616315842209,0.11450108381210417,0,0,True,True
640,3,0.56362394217207334,0.12796103349655574,0,0,True,True
650,1,0,0,0,0,True,True
650,1.1000000000000001,0.43784246071681443,0.012581499641125871,0,0,True,True
650,1.25,0.44213595444661841,0.029690314125599915,0,0,True,True
650,1.5,0.44699265246953801,0.042933365844803228,0,0,True,True
650,2,0.45288112340104247,0.06789718874857581,0,0,True,True
650,2.5,0.45675066848978396,0.084095295035009232,0,0,True,True
650,3,0.45960508793720944,0.10370156956461613,0,0,True,True
660,1,0,0,0,0,True,True
660,1.1000000000000001,0.3696726592161122,0.033871461820596971,0,0,True,True
660,1.25,0.46969696969696972,0.060526925505676996,0,0,True,True
660,1.5,1,0.022834243321728676,0,0,True,True
660,2,1,0.030255003582451867,0,0,True,True
660,2.5,1,0.040195282762439166,0,0,True,True
660,3,1,0.044301322525932552,0,0,True,True
670,1,0,0,0,0,True,True
670,1.1000000000000001,0.63277013556618811,0.038578435054851312,0,0,True,True
670,1.25,0.63752803030303029,0.063801300107765357,0,0,True,True
670,1.5,0.64766427688906225,0.070202097150989851,0,0,True,True
670,2,0.66892649487859512,0.061708793506755732,0,0,True,True
670,2.5,0.70520756920792937,0.066709947019868265,0,0,True,True
670,3,0.72045229799599586,0.066263665900537672,0,0,True,True
680,1,0,0,0,0,True,True
680,1.1000000000000001,0.70552480922766325,0.021818929902174655,0,0,True,True
680,1.25,0.71301354559551033,0.043165488332881419,0,0,True,True
680,1.5,0.72364930977621333,0.05411746008347057,0,0,True,True
680,2,0.73616288803632823,0.074727510411746856,0,0,True,True
680,2.5,0.74262910179968999,0.099327028503991055,0,0,True,True
680,3,0.74717779537376583,0.1135151924666663,0,0,True,True
690,1,0,0,0,0,True,True
690,1.1000000000000001,0.68488597211637825,0.017689788949485363,0,0,True,True
690,1.25,0.68951057181281894,0.045004614313170516,0,0,True,True
690,1.5,0.6986335881367215,0.045643057894468653,0,0,True,True
690,2,0.71859835619309265,0.034990235284343585,0,0,True,True
690,2.5,0.75527007585685935,0.03283237623526078,0,0,True,True
690,3,0.77863484440151565,0.033089801516390266,0,0,True,True
700,1,0,0,0,0,True,True
700,1.1000000000000001,0.38149688149688155,0.031726878442305179,0,0,True,True
700,1.25,0.46947015543897508,0.042437586316396464,0,0,True,True
700,1.5,0.59810112619101385,0.056606624481127105,0,0,True,True
700,2,0.72435304971466974,0.089853030218539381,0,0,True,True
700,2.5,0.79935941589750648,0.12488242508668082,0,0,True,True
700,3,0.8440187959516009,0.13421759221380469,0,0,True,True
710,1,0,0,0,0,True,True
710,1.1000000000000001,0.64382499936875859,0.027264003183449681,0,0,True,True
710,1.25,0.6630938570549374,0.055885749770196447,0,0,True,True
710,1.5,0.71907045591147245,0.073909054962104204,0,0,True,True
710,2,0.79619190780408378,0.054107843891338214,0,0,True,True
710,2.5,0.84891271233318066,0.044175422140465659,0,0,True,True
710,3,0.87869892490821311,0.085886486396421824,0,0,True,True
720,1,0,0,0,0,True,True
720,1.1000000000000001,0.50906633291614523,0.012053120474838086,0,0,True,True
720,1.25,0.5181030989217501,0.014872327115420581,0,0,True,True
720,1.5,0.52429302099937625,0.025578175582739587,0,0,True,True
720,2,0.5303995803726772,0.036328879045181339,0,0,True,True
720,2.5,0.53301327761630413,0.050344194701298695,0,0,True,True
720,3,0.53483348358195815,0.060580969705689047,0,0,True,True
729,1,0,0,0,0,True,True
729,1.1000000000000001,0.67804427536932155,0.01207474967982014,0,0,True,True
729,1.25,0.69065117718834756,0.011447916326873142,0,0,True,True
729,1.5,0.71161472305591134,0.01180570120506988,0,0,True,True
729,2,0.72942984347636297,0.012276453728213843,0,0,True,True
729,2.5,0.73898990428663613,0.021158913088522413,0,0,True,True
729,3,0.74321050918665821,0.02105615949638312,0,0,True,True
739,1,0,0,0,0,True,True
739,1.1000000000000001,0.46212636335159391,0.015480753245338402,0,0,True,True
739,1.25,0.45937159882496942,0.035196454057094734,0,0,True,True
739,1.5,0.46449913451279751,0.055356402242591668,0,0,True,True
739,2,0.47245077125545409,0.079909040345162802,0,0,True,True
739,2.5,0.47725165381408619,0.1012413935989733,0,0,True,True
739,3,0.47972149196207325,0.11924499648400447,0,0,True,True
749,1,0,0,0,0,True,True
749,1.1000000000000001,0.41483139535869051,0.031249020118653548,0,0,True,True
749,1.25,0.41877998055031601,0.069048776121602484,0,0,True,True
749,1.5,0.4223054082081813,0.11716568468556565,0,0,True,True
749,2,0.42627358158220435,0.17447019233639277,0,0,True,True
749,2.5,0.42786768422535443,0.2141887287029674,0,0,True,True
749,3,0.42920081030786983,0.24213513357052746,0,0,True,True
759,1,0,0,0,0,True,True
759,1.1000000000000001,0.53841413440449704,0.016879987638419358,0,0,True,True
759,1.25,0.53701896930627535,0.028529108827589411,0,0,True,True
759,1.5,0.53371102421795624,0.028709171770374908,0,0,True,True
759,2,0.54952384306125257,0.015958543920304852,0,0,True,True
759,2.5,0.55990175337854986,0.017033057771438542,0,0,True,True
759,3,0.56613147895391314,0.019368871696087309,0,0,True,True
770,1,0,0,0,0,True,True
770,1.1000000000000001,0.70838765915799229,0.034041870359938053,0,0,True,True
770,1.25,0.70773830850864172,0.059968337005560979,0,0,True,True
770,1.5,0.70823376680756822,0.078945547551256323,0,0,True,True
770,2,0.71863835576806534,0.095240394106149873,0,0,True,True
770,2.5,0.73381222328586815,0.10593221845893264,0,0,True,True
770,3,0.74560934261147038,0.10595834868374204,0,0,True,True
780,1,0,0,0,0,True,True
780,1.1000000000000001,0.40437586519868496,0.028729362316591234,0,0,True,True
780,1.25,0.43391902215431621,0.071092152376456996,0,0,True,True
780,1.5,0.71343766864543978,0.099727798644719451,0,0,True,True
780,2,0.82352941176470584,0.094694199753245223,0,0,True,True
780,2.5,0.82352941176470584,0.088452526680586452,0,0,True,True
780,3,0.82352941176470584,0.080015561825302561,0,0,True,True
790,1,0,0,0,0,True,True
790,1.1000000000000001,0.47631127995860734,0.014648955598629748,0,0,True,True
790,1.25,0.47752403390552056,0.021912638436038911,0,0,True,True
790,1.5,0.48349111890833518,0.027063983650871454,0,0,True,True
790,2,0.49203161527966865,0.031227246340702619,0,0,True,True
790,2.5,0.49617706903301034,0.040484954998665945,0,0,True,True
790,3,0.52221412226879704,0.050254245183955409,0,0,True,True
800,1,0,0,0,0,True,True
800,1.1000000000000001,0.51559064418306211,0.0061801776479512016,0,0,True,True
800,1.25,0.51153228526101868,0.015980996662151303,0,0,True,True
800,1.5,0.51360257371618212,0.01991061995139487,0,0,True,True
800,2,0.5169721371864503,0.020757654551835203,0,0,True,True
800,2.5,0.51903304813081419,0.023171360127913432,0,0,True,True
800,3,0.52044390201734125,0.031012509179231651,0,0,True,True
810,1,0,0,0,0,True,True
810,1.1000000000000001,0.42402129626957646,0.0051718605494590064,0,0,True,True
810,1.25,0.42632268807310647,0.0091185497333721999,0,0,True,True
810,1.5,0.43040900799373338,0.0081926620483022683,0,0,True,True
810,2,0.43469646607715762,0.013408716799596571,0,0,True,True
810,2.5,0.43814745450430537,0.019678954652784075,0,0,True,True
810,3,0.48328577515526344,0.02294612664195117,0,0,True,True
820,1,0,0,0,0,True,True
820,1.1000000000000001,0.37064049554152484,0.010276249237575391,0,0,True,True
820,1.25,0.37239189524135763,0.015037253499778275,0,0,True,True
820,1.5,0.37326276016752208,0.013018994276715407,0,0,True,True
820,2,0.37664375343849632,0.011908572485359592,0,0,True,True
820,2.5,0.37845272469962993,0.019047511795538319,0,0,True,True
820,3,0.38010438774696653,0.021164754712484635,0,0,True,True
830,1,0,0,0,0,True,True
830,1.1000000000000001,0.67167088615478521,0.013188626085604532,0,0,True,True
830,1.25,0.66827069109737236,0.022475355086952753,0,0,True,True
830,1.5,0.67478016342242053,0.026198670535607482,0,0,True,True
830,2,0.68077151182279982,0.043495116997628591,0,0,True,True
830,2.5,0.68412959117507832,0.057412706911844968,0,0,True,True
830,3,0.68599702229105775,0.075207002800556283,0,0,True,True
840,1,0,0,0,0,True,True
840,1.1000000000000001,0.70066462472933377,0.018520018467738097,0,0,True,True
840,1.25,0.70267235322395749,0.032665159173806441,0,0,True,True
840,1.5,0.70660610726822826,0.046473621174021734,0,0,True,True
840,2,0.71071414430308089,0.061882569328896464,0,0,True,True
840,2.5,0.71286107582758251,0.085319174977849049,0,0,True,True
840,3,0.71429321594477813,0.10791978470250443,0,0,True,True
850,1,0,0,0,0,True,True
850,1.1000000000000001,0.37295081123681828,0.004787763354611646,0,0,True,True
850,1.25,0.37248787163334607,0.0114612614404839,0,0,True,True
850,1.5,0.38184543386391018,0.019200209956691611,0,0,True,True
850,2,0.38330067797531647,0.029824256765010881,0,0,True,True
850,2.5,0.38366688980221958,0.046713870647463018,0,0,True,True
850,3,0.38369917713129165,0.078425821587050082,0,0,True,True
860,1,0,0,0,0,True,True
860,1.1000000000000001,0.73269516272397339,0.010382958503204143,0,0,True,True
860,1.25,0.74445817318999041,0.040121200199638357,0,0,True,True
860,1.5,0.75748406786100819,0.05081974960855401,0,0,True,True
860,2,0.77278300315125259,0.055728315837778652,0,0,True,True
860,2.5,0.78086579463339034,0.068533844899155177,0,0,True,True
860,3,0.78521340924466787,0.082277083331473627,0,0,True,True
870,1,0,0,0,0,True,True
870,1.1000000000000001,0.66529799676496204,0.020311875020706027,0,0,True,True
870,1.25,0.63293378373469911,0.024044852526883237,0,0,True,True
870,1.5,0.61323807603299441,0.031416280067311148,0,0,True,True
870,2,0.59324593535119852,0.038769945349114432,0,0,True,True
870,2.5,0.58590812034862705,0.061383931207134118,0,0,True,True
870,3,0.58971176356607613,0.070028238816911975,0,0,True,True
880,1,0,0,0,0,True,True
880,1.1000000000000001,0.71293633493915576,0.012443328236811296,0,0,True,True
880,1.25,0.71473298225002624,0.024580542384219473,0,0,True,True
880,1.5,0.71822344548942418,0.02981881407935294,0,0,True,True
880,2,0.72348353627583073,0.043227324020403052,0,0,True,True
880,2.5,0.72573512254520522,0.055820485248532586,0,0,True,True
880,3,0.72758663246238142,0.06327233315829775,0,0,True,True
890,1,0,0,0,0,True,True
890,1.1000000000000001,0.66091962866081966,0.070351243524076651,0,0,True,True
890,1.25,0.8885751108752511,0.087887783796585212,0,0,True,True
890,1.5,0.98316970546984572,0.068256365592566731,0,0,True,True
890,2,0.98316970546984572,0.041993682669932392,0,0,True,True
890,2.5,0.98316970546984572,0.047389690389928019,0,0,True,True
890,3,0.98316970546984572,0.050831804819610887,0,0,True,True
900,1,0,0,0,0,True,True
900,1.1000000000000001,0.5,0.010292168688244757,0,0,True,True
900,1.25,0.44846382556987119,0.0159848170513823,0,0,True,True
900,1.5,0.40750670241286863,0.020902687683116233,0,0,True,True
900,2,0.42967786154900617,0.028183114969768525,0,0,True,True
900,2.5,0.45872473391270385,0.041612559661111465,0,0,True,True
900,3,0.54379251700680276,0.051354864156893582,0,0,True,True
910,1,0,0,0,0,True,True
910,1.1000000000000001,0.5809883373205742,0.014117266829046377,0,0,True,True
910,1.25,0.5531356874145007,0.016844152367483489,0,0,True,True
910,1.5,0.56284360975112202,0.018715123033097192,0,0,True,True
910,2,0.58685317499024581,0.025894501194205832,0,0,True,True
910,2.5,0.62000876947074079,0.038278477399715266,0,0,True,True
910,3,0.7039702632107695,0.054583275163449241,0,0,True,True
920,1,0,0,0,0,True,True
920,1.1000000000000001,0.33428966408669381,0.012221458652388939,0,0,True,True
920,1.25,0.33316165542597703,0.015689223849340489,0,0,True,True
920,1.5,0.33458019486225216,0.017411604461433555,0,0,True,True
920,2,0.33472536445042728,0.022709390325381273,0,0,True,True
920,2.5,0.33553015700706573,0.031364317878763204,0,0,True,True
920,3,0.33590417201763278,0.031502641540405441,0,0,True,True
930,1,0,0,0,0,True,True
930,1.1000000000000001,0.43389830508474575,0.007793088392200137,0,0,True,True
930,1.25,0.36366369786565228,0.010166230390840025,0,0,True,True
930,1.5,0.3732443292751364,0.010203630412332076,0,0,True,True
930,2,0.41066214116417116,0.011603718568748506,0,0,True,True
930,2.5,0.43385460456252456,0.015282126307635341,0,0,True,True
930,3,0.53115271682505605,0.028991693680016528,0,0,True,True
940,1,0,0,0,0,True,True
940,1.1000000000000001,0.51036121555954161,0.015082499079382472,0,0,True,True
940,1.25,0.51026988002370921,0.0162245778077095,0,0,True,True
940,1.5,0.5103592892078207,0.020913661433432762,0,0,True,True
940,2,0.510774265020004,0.041378647927159007,0,0,True,True
940,2.5,0.51108464537817411,0.042166903990636995,0,0,True,True
940,3,0.51151396661958137,0.047292721940054405,0,0,True,True
950,1,0,0,0,0,True,True
950,1.1000000000000001,0.36016346251892295,0.011412536744214219,0,0,True,True
950,1.25,0.36160788965142343,0.024510243119625352,0,0,True,True
950,1.5,0.36530334255920138,0.034257365828977482,0,0,True,True
950,2,0.36966308239590129,0.042996884921227302,0,0,True,True
950,2.5,0.37143973087571491,0.041441398943366944,0,0,True,True
950,3,0.37314695347453741,0.047269044087094259,0,0,True,True
960,1,0,0,0,0,True,True
960,1.1000000000000001,0.32375200921624758,0.010358856579320841,0,0,True,True
960,1.25,0.31553123296328578,0.015414132433928696,0,0,True,True
960,1.5,0.30650483634318293,0.018606244570203045,0,0,True,True
960,2,0.30411886179940811,0.028039524093427581,0,0,True,True
960,2.5,0.40831424336342809,0.037980885163001021,0,0,True,True
960,3,0.48308191174397291,0.047215266520676591,0,0,True,True
970,1,0,0,0,0,True,True
970,1.1000000000000001,0.54542075949596924,0.0099576236074131186,0,0,True,True
970,1.25,0.55192389455782309,0.01762818571255978,0,0,True,True
970,1.5,0.55893981331725773,0.013987202556146161,0,0,True,True
970,2,0.56638683851667992,0.017371299585201339,0,0,True,True
970,2.5,0.57072492072839975,0.037899039099039827,0,0,True,True
970,3,0.57290240791438529,0.045207012707165539,0,0,True,True
980,1,0,0,0,0,True,True
980,1.1000000000000001,0.4594869144260556,0.0064299720622023326,0,0,True,True
980,1.25,0.46155957845156531,0.010914703422623406,0,0,True,True
980,1.5,0.46426112431224209,0.016196563087331139,0,0,True,True
980,2,0.46693513490480471,0.02164699122177649,0,0,True,True
980,2.5,0.58496732026143783,0.036814693678338756,0,0,True,True
980,3,0.65841269841269834,0.046781101922241303,0,0,True,True
990,1,0,0,0,0,True,True
990,1.1000000000000001,0.59343811567079263,0.019767776172618406,0,0,True,True
990,1.25,0.59534163342422197,0.033902162547531978,0,0,True,True
990,1.5,0.59715258861080245,0.057774935579038636,0,0,True,True
990,2,0.78169371196754567,0.078495594044453207,0,0,True,True
990,2.5,0.93908552331763639,0.047725148151523539,0,0,True,True
990,3,0.96244975671673372,0.043449545937649797,0,0,True,True
1000,1,0,0,0,0,True,True
1000,1.1000000000000001,0.53339685184412289,0.023341134503380323,0,0,True,True
1000,1.25,0.4918267121342918,0.045186043190870107,0,0,True,True
1000,1.5,0.49290347807788776,0.071488159406782159,0,0,True,True
1000,2,0.49323946602905017,0.10806274491769358,0,0,True,True
1000,2.5,0.50008164864953131,0.14662652197286774,0,0,True,True
1000,3,0.60012183978068845,0.17274876257444538,0,0,True,True
1001,1,0,0,0,0,True,True
1001,1.1000000000000001,0.59471876234018184,0.028628733102808834,0,0,True,True
1001,1.25,0.59629824894866756,0.061365107422769016,0,0,True,True
1001,1.5,0.59798846393875005,0.10065260311116947,0,0,True,True
1001,2,0.60119997523818502,0.15327113966598993,0,0,True,True
1001,2.5,0.60209267790748799,0.1935372082320761,0,0,True,True
1001,3,0.60229884011970813,0.22335866311900537,0,0,True,True
1020,1,0,0,0,0,True,True
1020,1.1000000000000001,0.50107089817374817,0.040125125693550007,0,0,True,True
1020,1.25,0.45695128022212073,0.07121997088351692,0,0,True,True
1020,1.5,0.40804022572939003,0.09470739000522585,0,0,True,True
1020,2,0.34967924569130865,0.10695689850474877,0,0,True,True
1020,2.5,0.35021243955436182,0.10926676248525988,0,0,True,True
1020,3,0.35994278085229348,0.12748326619244851,0,0,True,True
1029,1,0,0,0,0,True,True
1029,1.1000000000000001,0.57282941115907093,0.041501317477880328,0,0,True,True
1029,1.25,0.5788501455012296,0.069230171039242561,0,0,True,True
1029,1.5,0.59380492657142314,0.073382403792498774,0,0,True,True
1029,2,0.62273625075246264,0.092632950454994312,0,0,True,True
1029,2.5,0.64326344600202223,0.1081338578090231,0,0,True,True
1029,3,0.65898171335079581,0.10747046174667058,0,0,True,True
1039,1,0,0,0,0,True,True
1039,1.1000000000000001,0.3863353289810163,0.017687264219687915,0,0,True,True
1039,1.25,0.38696388831948625,0.018251889396478038,0,0,True,True
1039,1.5,0.39008227645580484,0.024144446258664021,0,0,True,True
1039,2,0.39741903888953611,0.022261530952287667,0,0,True,True
1039,2.5,0.40120362253466785,0.025942959961340328,0,0,True,True
1039,3,0.40447359493384599,0.035208896074872764,0,0,True,True
1049,1,0,0,0,0,True,True
1049,1.1000000000000001,0.61100832083817247,0.036263881238845302,0,0,True,True
1049,1.25,0.61844778352356955,0.068729577733423336,0,0,True,True
1049,1.5,0.63063137709979622,0.080339688949132154,0,0,True,True
1049,2,0.65004486558225905,0.095728897218414405,0,0,True,True
1049,2.5,0.67649179811984106,0.10017843665103562,0,0,True,True
1049,3,0.69704720774362128,0.11231100668079139,0,0,True,True
1059,1,0,0,0,0,True,True
1059,1.1000000000000001,0.38439226855812614,0.040058632954320134,0,0,True,True
1059,1.25,0.3733862287765487,0.052721925495914396,0,0,True,True
1059,1.5,0.37622992715366843,0.066634956170989051,0,0,True,True
1059,2,0.3961509569772626,0.07667412931537923,0,0,True,True
1059,2.5,0.40720664491985414,0.076538527905661874,0,0,True,True
1059,3,0.4138755470300432,0.081510462515596044,0,0,True,True
1070,1,0,0,0,0,True,True
1070,1.1000000000000001,0.61250591197261839,0.016073842520556242,0,0,True,True
1070,1.25,0.6128797402800984,0.033581126502287367,0,0,True,True
1070,1.5,0.61216451984212328,0.05219671275265772,0,0,True,True
1070,2,0.61206897236847246,0.094017947216680636,0,0,True,True
1070,2.5,0.61265632631691858,0.1153834461044588,0,0,True,True
1070,3,0.61231885081390591,0.13304962958566705,0,0,True,True
1080,1,0,0,0,0,True,True
1080,1.1000000000000001,0.61156678186731228,0.033597553299160976,0,0,True,True
1080,1.25,0.64445361222249709,0.069104068490413895,0,0,True,True
1080,1.5,0.6867645702493721,0.11116613125321173,0,0,True,True
1080,2,0.7096575623377247,0.11416715534516053,0,0,True,True
1080,2.5,0.71066588096641137,0.10865655926782541,0,0,True,True
1080,3,0.71066588096641137,0.10625283822186651,0,0,True,True
1090,1,0,0,0,0,True,True
1090,1.1000000000000001,0.45400945645599267,0.031215052887036354,0,0,True,True
1090,1.25,0.38471689167962808,0.065279881401622275,0,0,True,True
1090,1.5,0.37762489170106528,0.10125863885630398,0,0,True,True
1090,2,0.34800249786041804,0.15242011014784762,0,0,True,True
1090,2.5,0.34903282407336317,0.19339732611307819,0,0,True,True
1090,3,0.34895598417707252,0.21080522522448736,0,0,True,True
1100,1,0,0,0,0,True,True
1100,1.1000000000000001,0.45256125305691597,0.038014151318239597,0,0,True,True
1100,1.25,0.6607142857142857,0.053114346700640691,0,0,True,True
1100,1.5,0.93333333333333335,0.043407748231843124,0,0,True,True
1100,2,1,0.0572803765923805,0,0,True,True
1100,2.5,1,0.05748163304237397,0,0,True,True
1100,3,1,0.049783771704294211,0,0,True,True
1110,1,0,0,0,0,True,True
1110,1.1000000000000001,0.46034683034830548,0.037346965527307763,0,0,True,True
1110,1.25,0.505250954899504,0.09691716070071893,0,0,True,True
1110,1.5,0.47186216216858567,0.13059005186408901,0,0,True,True
1110,2,0.61170834307081101,0.18546210975698302,0,0,True,True
1110,2.5,0.69476219145093321,0.21620994626211582,0,0,True,True
1110,3,0.73516414141414144,0.22318079066725355,0,0,True,True
1120,1,0,0,0,0,True,True
1120,1.1000000000000001,0.75905649981903645,0.024174864056551421,0,0,True,True
1120,1.25,0.76229703240322499,0.035634204769189104,0,0,True,True
1120,1.5,0.76598746067435897,0.05057928598503611,0,0,True,True
1120,2,0.77330537323810566,0.066703534815183901,0,0,True,True
1120,2.5,0.77702293698768554,0.081622402333831723,0,0,True,True
1120,3,0.77923071392900067,0.094462936227122263,0,0,True,True
1130,1,0,0,0,0,True,True
1130,1.1000000000000001,0.44136422593764191,0.026477970952745761,0,0,True,True
1130,1.25,0.44516537682348672,0.036965738658892994,0,0,True,True
1130,1.5,0.45522399971008276,0.03350658240631918,0,0,True,True
1130,2,0.47176295442641669,0.030152396767566703,0,0,True,True
1130,2.5,0.49120357196282294,0.051204892933645274,0,0,True,True
1130,3,0.49750022116264786,0.085092160385946081,0,0,True,True
1140,1,0,0,0,0,True,True
1140,1.1000000000000001,0.59515532400007076,0.026458016577569909,0,0,True,True
1140,1.25,0.58109986204727748,0.050127676679144806,0,0,True,True
1140,1.5,0.58536861798966955,0.074354361300002059,0,0,True,True
1140,2,0.5895302993631486,0.091241430915839583,0,0,True,True
1140,2.5,0.59365429489840826,0.10346359754998821,0,0,True,True
1140,3,0.60864926805320807,0.14491453113845973,0,0,True,True
1150,1,0,0,0,0,True,True
1150,1.1000000000000001,0.71883345083068406,0.031822733994235769,0,0,True,True
1150,1.25,0.73657446970626761,0.083478962060133416,0,0,True,True
1150,1.5,0.79299068176109466,0.10634286155486186,0,0,True,True
1150,2,0.85716788747837369,0.14140754254760199,0,0,True,True
1150,2.5,0.87431317918508167,0.14876267689576936,0,0,True,True
1150,3,0.875756527753761,0.1428614971436582,0,0,True,True
1160,1,0,0,0,0,True,True
1160,1.1000000000000001,0.68830164208735345,0.020176734258227025,0,0,True,True
1160,1.25,0.67486656596173211,0.03704325616148213,0,0,True,True
1160,1.5,0.67858204631956953,0.052890322413567559,0,0,True,True
1160,2,0.72013698538778059,0.067735186876168585,0,0,True,True
1160,2.5,0.74770597832242103,0.084647818526839336,0,0,True,True
1160,3,0.76132610353398644,0.098813271273208048,0,0,True,True
1170,1,0,0,0,0,True,True
1170,1.1000000000000001,0.53488420266367476,0.03096337642881658,0,0,True,True
1170,1.25,0.55570097478333369,0.06102008681911214,0,0,True,True
1170,1.5,0.59278208638785035,0.074507012369515069,0,0,True,True
1170,2,0.62352922335897709,0.09985365401391405,0,0,True,True
1170,2.5,0.62844542447629548,0.084172611039273038,0,0,True,True
1170,3,0.62844542447629548,0.061518518981048709,0,0,True,True
1180,1,0,0,0,0,True,True
1180,1.1000000000000001,0.57180563597009526,0.032397713055160066,0,0,True,True
1180,1.25,0.57925824913764601,0.039743907714271942,0,0,True,True
1180,1.5,0.59105071831066169,0.050548910925216239,0,0,True,True
1180,2,0.60400878055178775,0.056682127663789772,0,0,True,True
1180,2.5,0.61335733545459192,0.067946721396266729,0,0,True,True
1180,3,0.61816716774695613,0.062188150008593401,0,0,True,True
1190,1,0,0,0,0,True,True
1190,1.1000000000000001,0.42627336281923245,0.042748225707012671,0,0,True,True
1190,1.25,0.44443719627113049,0.095442394791499324,0,0,True,True
1190,1.5,0.48038176033934255,0.10290361503578691,0,0,True,True
1190,2,0.51086956521739135,0.082088588968496662,0,0,True,True
1190,2.5,0.51086956521739135,0.059431608619574694,0,0,True,True
1190,3,0.51086956521739135,0.049912433349897867,0,0,True,True
1200,1,0,0,0,0,True,True
1200,1.1000000000000001,0.40284091957930596,0.0081203026378350307,0,0,True,True
1200,1.25,0.39494514479369164,0.0079731501511195457,0,0,True,True
1200,1.5,0.40203319265427173,0.010325517943433504,0,0,True,True
1200,2,0.41225476864333399,0.011274453890633335,0,0,True,True
1200,2.5,0.41756612615595523,0.017028177534921418,0,0,True,True
1200,3,0.42066486295163458,0.023249933412649443,0,0,True,True
1210,1,0,0,0,0,True,True
1210,1.1000000000000001,0.23320005310924186,0.0056763659155475432,0,0,True,True
1210,1.25,0.23672533668239965,0.010627278902915149,0,0,True,True
1210,1.5,0.23831015976462694,0.018616932264112429,0,0,True,True
1210,2,0.24881676808654496,0.031405729277095951,0,0,True,True
1210,2.5,0.37172218284904318,0.043945147575864152,0,0,True,True
1210,3,0.43504020313161229,0.047203782941976913,0,0,True,True
1220,1,0,0,0,0,True,True
1220,1.1000000000000001,0.80619890399713812,0.023952897857108912,0,0,True,True
1220,1.25,0.62944239630821119,0.036241639584921159,0,0,True,True
1220,1.5,0.66620411061362783,0.04405998446058168,0,0,True,True
1220,2,0.73724423808069417,0.050616102847199612,0,0,True,True
1220,2.5,0.76723503844867946,0.057874428453423943,0,0,True,True
1220,3,0.7821364751342792,0.078316952987594501,0,0,True,True
1230,1,0,0,0,0,True,True
1230,1.1000000000000001,0.78916210643515416,0.024785816488824053,0,0,True,True
1230,1.25,0.77100096366380944,0.037958919574944433,0,0,True,True
1230,1.5,0.80690586419753085,0.050919108106724564,0,0,True,True
1230,2,0.86205141565304544,0.040788092964000405,0,0,True,True
1230,2.5,0.89963824212846477,0.051566776940216441,0,0,True,True
1230,3,0.91202400155373398,0.065029689767665377,0,0,True,True
1240,1,0,0,0,0,True,True
1240,1.1000000000000001,0.73386383577153047,0.01124288945230606,0,0,True,True
1240,1.25,0.74446686556470432,0.018046380062626377,0,0,True,True
1240,1.5,0.75488421442985831,0.022158021600660271,0,0,True,True
1240,2,0.76685055342729114,0.02095520187147426,0,0,True,True
1240,2.5,0.77214270159582787,0.019521496818238337,0,0,True,True
1240,3,0.77637634020929625,0.020211939200398876,0,0,True,True
1250,1,0,0,0,0,True,True
1250,1.1000000000000001,0.58390840167105063,0.011211901015274611,0,0,True,True
1250,1.25,0.57819741617807563,0.016784960157305601,0,0,True,True
1250,1.5,0.56602042424694921,0.021456244417137255,0,0,True,True
1250,2,0.5663611297414114,0.035842523526462916,0,0,True,True
1250,2.5,0.56860014055142927,0.049077853679338534,0,0,True,True
1250,3,0.57052268173269272,0.06794107508677702,0,0,True,True
1260,1,0,0,0,0,True,True
1260,1.1000000000000001,0.66180611423974256,0.016777096671342251,0,0,True,True
1260,1.25,0.66564047006796345,0.032290549678693603,0,0,True,True
1260,1.5,0.66970766864388764,0.040264684852483607,0,0,True,True
1260,2,0.67513383590079756,0.055683913671076279,0,0,True,True
1260,2.5,0.67883965721668171,0.074801934134238718,0,0,True,True
1260,3,0.68046910031751495,0.089934387258804843,0,0,True,True
1270,1,0,0,0,0,True,True
1270,1.1000000000000001,0.58956049002325683,0.0077086073341518513,0,0,True,True
1270,1.25,0.59266810916933355,0.017193814021810749,0,0,True,True
1270,1.5,0.59599878029263564,0.033235613839899203,0,0,True,True
1270,2,0.5985430388909837,0.055493711250028332,0,0,True,True
1270,2.5,0.60067142612572688,0.059441073760933993,0,0,True,True
1270,3,0.60213135256516481,0.058441827890653442,0,0,True,True
1280,1,0,0,0,0,True,True
1280,1.1000000000000001,0.64198599933584688,0.024877144275444518,0,0,True,True
1280,1.25,0.65145649112679627,0.050625236183863442,0,0,True,True
1280,1.5,0.66175201671802419,0.063299470180783246,0,0,True,True
1280,2,0.67401238921687101,0.081445753749788963,0,0,True,True
1280,2.5,0.68185148430343545,0.076450266726849958,0,0,True,True
1280,3,0.68253002421896292,0.083670412509468772,0,0,True,True
1290,1,0,0,0,0,True,True
1290,1.1000000000000001,0.58745447323136557,0.016032886987464134,0,0,True,True
1290,1.25,0.5444877979547782,0.042291553153780914,0,0,True,True
1290,1.5,0.54478868216902121,0.083685344376639603,0,0,True,True
1290,2,0.88311688311688308,0.071878940225557797,0,0,True,True
1290,2.5,0.98230088495575218,0.059036282586972189,0,0,True,True
1290,3,1,0.068373172730321508,0,0,True,True
1300,1,0,0,0,0,True,True
1300,1.1000000000000001,0.41820020746998243,0.020465263634266262,0,0,True,True
1300,1.25,0.39907800444422692,0.066293169458853551,0,0,True,True
1300,1.5,0.4194380874059801,0.089653496573639135,0,0,True,True
1300,2,0.39653980775013919,0.10846210708142706,0,0,True,True
1300,2.5,0.372163070888204,0.11930650403259918,0,0,True,True
1300,3,0.40091326479688594,0.11881371256920015,0,0,True,True
1310,1,0,0,0,0,True,True
1310,1.1000000000000001,0.51210660762269333,0.018627404563733241,0,0,True,True
1310,1.25,0.43944180516232917,0.049289780097689639,0,0,True,True
1310,1.5,0.4521303999619769,0.078614110466084464,0,0,True,True
1310,2,0.45317806889859291,0.10925976296286694,0,0,True,True
1310,2.5,0.45317806889859291,0.10642140509396691,0,0,True,True
1310,3,0.45317806889859291,0.12079543377956126,0,0,True,True
1320,1,0,0,0,0,True,True
1320,1.1000000000000001,0.5863793809639658,0.017708637125197518,0,0,True,True
1320,1.25,0.56117963343321575,0.035227257900432518,0,0,True,True
1320,1.5,0.5738908471833748,0.047050818312240977,0,0,True,True
1320,2,0.58741465129492942,0.072787477172545439,0,0,True,True
1320,2.5,0.59427258241291625,0.105219989931248,0,0,True,True
1320,3,0.59889286755585591,0.11411148716477643,0,0,True,True
1330,1,0,0,0,0,True,True
1330,1.1000000000000001,0.29998905681295579,0.011826214958861547,0,0,True,True
1330,1.25,0.29404175607610339,0.021085942573203786,0,0,True,True
1330,1.5,0.27622413563681203,0.036016918964529798,0,0,True,True
1330,2,0.34050179211469533,0.083989596874370576,0,0,True,True
1330,2.5,0.46968514181628929,0.11862720203742394,0,0,True,True
1330,3,0.57954545454545447,0.14768620017425899,0,0,True,True
1340,1,0,0,0,0,True,True
1340,1.1000000000000001,0.5351906499888347,0.037625408225629375,0,0,True,True
1340,1.25,0.57290982610597463,0.074420080313449433,0,0,True,True
1340,1.5,0.54293497550453551,0.10418119799115944,0,0,True,True
1340,2,0.56031294178156843,0.099538893726573652,0,0,True,True
1340,2.5,0.57664710434184985,0.084433974245623211,0,0,True,True
1340,3,0.58924877560313416,0.079110539853465167,0,0,True,True
1350,1,0,0,0,0,True,True
1350,1.1000000000000001,0.41989258791392819,0.014918087158248744,0,0,True,True
1350,1.25,0.41349817794604549,0.041791531504912383,0,0,True,True
1350,1.5,0.4178435007501019,0.068015032762050509,0,0,True,True
1350,2,0.42563989073541553,0.11181785962416441,0,0,True,True
1350,2.5,0.42962552457691161,0.14212591783149686,0,0,True,True
1350,3,0.47338051204828802,0.17522176222058666,0,0,True,True
1360,1,0,0,0,0,True,True
1360,1.1000000000000001,0.50151899687258417,0.036358402316462618,0,0,True,True
1360,1.25,0.43191746409996956,0.050271926145766477,0,0,True,True
1360,1.5,0.35035271466425855,0.07095400885240194,0,0,True,True
1360,2,0.37368519342805201,0.089364022980144453,0,0,True,True
1360,2.5,0.38797962713358303,0.10940949088041879,0,0,True,True
1360,3,0.40469645836255996,0.13165095586749875,0,0,True,True
1370,1,0,0,0,0,True,True
1370,1.1000000000000001,0.62085990700097549,0.033671701126478965,0,0,True,True
1370,1.25,0.60372951814933495,0.064731440536305168,0,0,True,True
1370,1.5,0.57361400755698866,0.072376231894089621,0,0,True,True
1370,2,0.6052777777777778,0.077781883296144411,0,0,True,True
1370,2.5,0.64000000000000001,0.071581737282152696,0,0,True,True
1370,3,0.64000000000000001,0.067375678102601061,0,0,True,True
1380,1,0,0,0,0,True,True
1380,1.1000000000000001,0.50841866872491048,0.031252749996307089,0,0,True,True
1380,1.25,0.47959728703747062,0.058585292903959502,0,0,True,True
1380,1.5,0.49376573371091115,0.083363790332615123,0,0,True,True
1380,2,0.512228921520957,0.12222061844801671,0,0,True,True
1380,2.5,0.52456428974117453,0.14856097496426932,0,0,True,True
1380,3,0.53113019159045127,0.17701657876502983,0,0,True,True
1390,1,0,0,0,0,True,True
1390,1.1000000000000001,0.31023642929556083,0.03185466487806482,0,0,True,True
1390,1.25,0.3518591449564204,0.049756194552981969,0,0,True,True
1390,1.5,0.37755376438845112,0.073556970431647162,0,0,True,True
1390,2,0.32547056988293144,0.11286883394569569,0,0,True,True
1390,2.5,0.33877242623315262,0.14379707453907409,0,0,True,True
1390,3,0.34790245831203509,0.15943382466656864,0,0,True,True
1400,1,0,0,0,0,True,True
1400,1.1000000000000001,0.4381509783245322,0.018576277580747591,0,0,True,True
1400,1.25,0.43042935210545263,0.045647477054846286,0,0,True,True
1400,1.5,0.43340038303495798,0.052869476078660105,0,0,True,True
1400,2,0.46097174238788763,0.051359603418168587,0,0,True,True
1400,2.5,0.4803911810076848,0.048431328938053686,0,0,True,True
1400,3,0.48211523526028421,0.04354219686935118,0,0,True,True
1410,1,0,0,0,0,True,True
1410,1.1000000000000001,0.44891975708945442,0.02525960552701384,0,0,True,True
1410,1.25,0.46767879810739588,0.061235553903409845,0,0,True,True
1410,1.5,0.49892278711702764,0.070429225234297177,0,0,True,True
1410,2,0.53081150195549542,0.056318866819188407,0,0,True,True
1410,2.5,0.54706294650564413,0.047081872257058233,0,0,True,True
1410,3,0.55458523551532501,0.037205831754037105,0,0,True,True
1420,1,0,0,0,0,True,True
1420,1.1000000000000001,0.62151516794847972,0.027818557881037598,0,0,True,True
1420,1.25,0.61744774991123053,0.053849982624509851,0,0,True,True
1420,1.5,0.63020318501045092,0.070232386536985825,0,0,True,True
1420,2,0.6570216745720473,0.076108178986891761,0,0,True,True
1420,2.5,0.67464392434557008,0.084302751611554427,0,0,True,True
1420,3,0.68825412199886082,0.085863951973711938,0,0,True,True
1430,1,0,0,0,0,True,True
1430,1.1000000000000001,0.71083507433312132,0.029879022961961099,0,0,True,True
1430,1.25,0.72127643537063357,0.079398802708931182,0,0,True,True
1430,1.5,0.74402186316125785,0.092455514341378831,0,0,True,True
1430,2,0.77882984572037239,0.10310068726044258,0,0,True,True
1430,2.5,0.79856119656940516,0.11083147725243869,0,0,True,True
1430,3,0.82048628811971658,0.10852598664156776,0,0,True,True
1440,1,0,0,0,0,True,True
1440,1.1000000000000001,0.49239263672155664,0.029752713524610785,0,0,True,True
1440,1.25,0.46013722768793408,0.041745512785665517,0,0,True,True
1440,1.5,0.46382961665652339,0.045276885946531648,0,0,True,True
1440,2,0.48008914077895787,0.091015445076808837,0,0,True,True
1440,2.5,0.49218940368033925,0.12501191984865337,0,0,True,True
1440,3,0.51867918266723567,0.12254520257415288,0,0,True,True
1450,1,0,0,0,0,True,True
1450,1.1000000000000001,0.41061219156852297,0.034881331038132457,0,0,True,True
1450,1.25,0.41364323654484819,0.080410294168855034,0,0,True,True
1450,1.5,0.39700014960278401,0.11594820370947162,0,0,True,True
1450,2,0.4002601597293578,0.12852949845639022,0,0,True,True
1450,2.5,0.42128922297588006,0.14224109279257496,0,0,True,True
1450,3,0.44216679708290219,0.15528290869432576,0,0,True,True
1460,1,0,0,0,0,True,True
1460,1.1000000000000001,0.63737438080724196,0.018849776700208876,0,0,True,True
1460,1.25,0.63697367257874504,0.038806695828631083,0,0,True,True
1460,1.5,0.64990191592515423,0.050741433954622411,0,0,True,True
1460,2,0.69838170828703783,0.092788438356097444,0,0,True,True
1460,2.5,0.9363636363636364,0.087325128949093209,0,0,True,True
1460,3,1,0.093729752923558118,0,0,True,True
1470,1,0,0,0,0,True,True
1470,1.1000000000000001,0.51957164697423153,0.026419274884626476,0,0,True,True
1470,1.25,0.43248514079762856,0.060519577861465612,0,0,True,True
1470,1.5,0.40892052253916139,0.10098763318720094,0,0,True,True
1470,2,0.43915204939903074,0.10471361164193105,0,0,True,True
1470,2.5,0.44440047487138901,0.14472981180598599,0,0,True,True
1470,3,0.44440047487138901,0.17011664379883212,0,0,True,True
1480,1,0,0,0,0,True,True
1480,1.1000000000000001,0.65188813097080556,0.033694079484897277,0,0,True,True
1480,1.25,0.65515281492442545,0.078051297176960965,0,0,True,True
1480,1.5,0.65749300692916346,0.10051126379057712,0,0,True,True
1480,2,0.66030773154319089,0.12205965982930383,0,0,True,True
1480,2.5,0.67455649461108835,0.13295958821280812,0,0,True,True
1480,3,0.69173603668850958,0.13617176066219022,0,0,True,True
1490,1,0,0,0,0,True,True
1490,1.1000000000000001,0.69554179195477583,0.030630770834410237,0,0,True,True
1490,1.25,0.69869677186935597,0.077189259811954125,0,0,True,True
1490,1.5,0.70305591340995854,0.13630892674957185,0,0,True,True
1490,2,0.72135144070038937,0.16166371618983788,0,0,True,True
1490,2.5,0.73474398492306792,0.17999545608135248,0,0,True,True
1490,3,0.7442256706110103,0.19404001460057074,0,0,True,True
1500,1,0,0,0,0,True,True
1500,1.1000000000000001,0.40683506098729605,0.0094143486424587142,0,0,True,True
1500,1.25,0.32892136158273433,0.022127540473687646,0,0,True,True
1500,1.5,0.33762192239135008,0.035265234500184678,0,0,True,True
1500,2,0.3625192012288786,0.071246287426850199,0,0,True,True
1500,2.5,0.5043478260869565,0.07700949061444079,0,0,True,True
1500,3,0.56296296296296289,0.077514076970879642,0,0,True,True
1510,1,0,0,0,0,True,True
1510,1.1000000000000001,0.29645509582270346,0.0176717529032588,0,0,True,True
1510,1.25,0.34126984126984128,0.022155302815863948,0,0,True,True
1510,1.5,0.56753246753246755,0.010604658748628121,0,0,True,True
1510,2,0.77472527472527475,0.054060698756195763,0,0,True,True
1510,2.5,0.7857142857142857,0.072298903233697864,0,0,True,True
1510,3,0.7857142857142857,0.076311106608461354,0,0,True,True
1520,1,0,0,0,0,True,True
1520,1.1000000000000001,0.50359528404809339,0.0084260003169912556,0,0,True,True
1520,1.25,0.50420691223425151,0.017858650022747752,0,0,True,True
1520,1.5,0.50601919787802407,0.025752847359692799,0,0,True,True
1520,2,0.50757824790284323,0.033915744060424205,0,0,True,True
1520,2.5,0.50866410986840638,0.044805380897205649,0,0,True,True
1520,3,0.50923064331949397,0.05819949758853929,0,0,True,True
1530,1,0,0,0,0,True,True
1530,1.1000000000000001,0.42642527843144257,0.0042438906068716087,0,0,True,True
1530,1.25,0.42808916674801217,0.012254197101496694,0,0,True,True
1530,1.5,0.43037149114147016,0.02104656318175141,0,0,True,True
1530,2,0.43319426661912674,0.038114763303544907,0,0,True,True
1530,2.5,0.43463320557491569,0.067469216101359281,0,0,True,True
1530,3,0.52127442996742679,0.086836169335956309,0,0,True,True
1540,1,0,0,0,0,True,True
1540,1.1000000000000001,0.56594600298533171,0.01970827275558848,0,0,True,True
1540,1.25,0.4844154920696252,0.053150134603132643,0,0,True,True
1540,1.5,0.5752212389380531,0.096158862073587786,0,0,True,True
1540,2,0.93396226415094341,0.10769555498312239,0,0,True,True
1540,2.5,0.9972067039106145,0.11520895578327328,0,0,True,True
1540,3,1,0.1160517940330042,0,0,True,True
1550,1,0,0,0,0,True,True
1550,1.1000000000000001,0.6426114061746927,0.026036187968473762,0,0,True,True
1550,1.25,0.58513877922500623,0.03987240584011012,0,0,True,True
1550,1.5,0.61175684842942435,0.052038184578600793,0,0,True,True
1550,2,0.64054681042728845,0.049584138559668672,0,0,True,True
1550,2.5,0.65709906551165365,0.059145779573088461,0,0,True,True
1550,3,0.66631575692794232,0.064606770613145875,0,0,True,True
1560,1,0,0,0,0,True,True
1560,1.1000000000000001,0.71734984838341875,0.035119535079654485,0,0,True,True
1560,1.25,0.58137531402837528,0.050898642255866017,0,0,True,True
1560,1.5,0.62673914652813001,0.059676613207405055,0,0,True,True
1560,2,0.67712769464340927,0.078501792945181337,0,0,True,True
1560,2.5,0.69866537808102924,0.083026006257879065,0,0,True,True
1560,3,0.71214512756510129,0.096112991734554815,0,0,True,True
1570,1,0,0,0,0,True,True
1570,1.1000000000000001,0.62601325614461478,0.020159781357888762,0,0,True,True
1570,1.25,0.59224329243345053,0.031065768113919756,0,0,True,True
1570,1.5,0.60857908605634981,0.037765141898694843,0,0,True,True
1570,2,0.68300940643968677,0.052356709910203331,0,0,True,True
1570,2.5,0.71846963004738873,0.071865231894059106,0,0,True,True
1570,3,0.73660963794321666,0.098158674580474364,0,0,True,True
1580,1,0,0,0,0,True,True
1580,1.1000000000000001,0.54170331667969795,0.0090313425330686425,0,0,True,True
1580,1.25,0.54690692066713686,0.020260458308813012,0,0,True,True
1580,1.5,0.55099733702955511,0.027569973675236725,0,0,True,True
1580,2,0.55706281929922707,0.041151808946640445,0,0,True,True
1580,2.5,0.5616256049512347,0.063286243764615752,0,0,True,True
1580,3,0.56432971394532661,0.071045059690126422,0,0,True,True
1590,1,0,0,0,0,True,True
1590,1.1000000000000001,0.30964158494451227,0.023884080896450471,0,0,True,True
1590,1.25,0.48756756756756758,0.037321371730097766,0,0,True,True
1590,1.5,0.80679245283018874,0.028789244938801722,0,0,True,True
1590,2,0.92000000000000004,0.034428375635859709,0,0,True,True
1590,2.5,0.92000000000000004,0.047571389666143549,0,0,True,True
1590,3,0.92000000000000004,0.057701193595822209,0,0,True,True
1600,1,0,0,0,0,True,True
1600,1.1000000000000001,0.46228380915547918,0.021581991045795057,0,0,True,True
1600,1.25,0.48901150726278053,0.053284546431561053,0,0,True,True
1600,1.5,0.53140916808149408,0.061775461016394695,0,0,True,True
1600,2,0.57320999941455408,0.07039707298319986,0,0,True,True
1600,2.5,0.59469986494317006,0.087223205738068244,0,0,True,True
1600,3,0.63871322240073725,0.11113550058999405,0,0,True,True
1610,1,0,0,0,0,True,True
1610,1.1000000000000001,0.76185239444017916,0.028141879394985247,0,0,True,True
1610,1.25,0.67059739724337253,0.084697186449663509,0,0,True,True
1610,1.5,0.67379186460264795,0.13464736102833114,0,0,True,True
1610,2,0.67766114422551393,0.18760004853616757,0,0,True,True
1610,2.5,0.72222224790048128,0.22082409861847013,0,0,True,True
1610,3,0.74667291023318705,0.24240115709585008,0,0,True,True
1620,1,0,0,0,0,True,True
1620,1.1000000000000001,0.40702853951693269,0.013113850919553888,0,0,True,True
1620,1.25,0.46151920588647649,0.016159138226088415,0,0,True,True
1620,1.5,0.39010790810805235,0.021720115246857158,0,0,True,True
1620,2,0.4241169601893936,0.033547004928756147,0,0,True,True
1620,2.5,0.48200477192643909,0.031518895939566804,0,0,True,True
1620,3,0.51112820377652057,0.038571685527299393,0,0,True,True
1630,1,0,0,0,0,True,True
1630,1.1000000000000001,0.47843444387400236,0.039406581622926262,0,0,True,True
1630,1.25,0.59847122112849593,0.082975112531996353,0,0,True,True
1630,1.5,0.58159201639993263,0.10718943821763005,0,0,True,True
1630,2,0.69669543150334767,0.095116389321646455,0,0,True,True
1630,2.5,0.73998979057194703,0.084939120543887497,0,0,True,True
1630,3,0.75723677385813459,0.070981307346474481,0,0,True,True
1640,1,0,0,0,0,True,True
1640,1.1000000000000001,0.61593501136401807,0.03304643550754488,0,0,True,True
1640,1.25,0.62036744103936425,0.060572217978547394,0,0,True,True
1640,1.5,0.62168575000849569,0.090424524900103775,0,0,True,True
1640,2,0.63614052582711911,0.13196116939052105,0,0,True,True
1640,2.5,0.65421742603879685,0.16595948597254739,0,0,True,True
1640,3,0.66505841269847488,0.19147583058559842,0,0,True,True
1650,1,0,0,0,0,True,True
1650,1.1000000000000001,0.42984437674997927,0.019314038810236467,0,0,True,True
1650,1.25,0.44186866523693896,0.03890451851734647,0,0,True,True
1650,1.5,0.45268423039478645,0.066075031190683503,0,0,True,True
1650,2,0.50714561623739451,0.095717592946712365,0,0,True,True
1650,2.5,0.54040154852080124,0.12217174934725392,0,0,True,True
1650,3,0.56774432571242617,0.14853051953515886,0,0,True,True
1660,1,0,0,0,0,True,True
1660,1.1000000000000001,0.65615937252473922,0.011076843749346338,0,0,True,True
1660,1.25,0.69800758634758542,0.021407357665814392,0,0,True,True
1660,1.5,0.74126096243687656,0.041434263129403848,0,0,True,True
1660,2,0.78331814351552875,0.071876365852904051,0,0,True,True
1660,2.5,0.80031409318231583,0.098612393103709367,0,0,True,True
1660,3,0.8100339754519319,0.12979051010384871,0,0,True,True
1670,1,0,0,0,0,True,True
1670,1.1000000000000001,0.42667208868730166,0.0018793928956173933,0,0,True,True
1670,1.25,0.39245902230534163,0.015870325260677498,0,0,True,True
1670,1.5,0.33664398412241697,0.033083328043972599,0,0,True,True
1670,2,0.33881949048618021,0.059887480477457594,0,0,True,True
1670,2.5,0.34121464049478856,0.069083547186426592,0,0,True,True
1670,3,0.39031748320023318,0.077890563554957132,0,0,True,True
1680,1,0,0,0,0,True,True
1680,1.1000000000000001,0.56655346012389085,0.03093416698248444,0,0,True,True
1680,1.25,0.48189698106240803,0.077857452817216483,0,0,True,True
1680,1.5,0.49091768336042124,0.1104042188528612,0,0,True,True
1680,2,0.48880319149354978,0.14660780496384876,0,0,True,True
1680,2.5,0.48848825435460624,0.18007604853470985,0,0,True,True
1680,3,0.49245907769593322,0.19195919182303764,0,0,True,True
1690,1,0,0,0,0,True,True
1690,1.1000000000000001,0.3498560524803348,0.027702608383527116,0,0,True,True
1690,1.25,0.3850706479883883,0.065710031846982764,0,0,True,True
1690,1.5,0.37553440297121826,0.10450317690778882,0,0,True,True
1690,2,0.37002171387260852,0.15718818025741077,0,0,True,True
1690,2.5,0.40674111208922159,0.18626114024486262,0,0,True,True
1690,3,0.40797725293097087,0.22098025089267842,0,0,True,True
1700,1,0,0,0,0,True,True
1700,1.1000000000000001,0.66902887894890761,0.026218395029052488,0,0,True,True
1700,1.25,0.66618863431922115,0.056359393322913176,0,0,True,True
1700,1.5,0.66486351257466225,0.098992301248747694,0,0,True,True
1700,2,0.66595418936862338,0.1316005745267399,0,0,True,True
1700,2.5,0.6703862502781609,0.12163589522360901,0,0,True,True
1700,3,0.78958785249457697,0.11251307001488196,0,0,True,True
1710,1,0,0,0,0,True,True
1710,1.1000000000000001,0.55437323788874171,0.030805229288529468,0,0,True,True
1710,1.25,0.56346704691287608,0.042662682497231597,0,0,True,True
1710,1.5,0.56974973710030707,0.053967006144884866,0,0,True,True
1710,2,0.59070434295017205,0.060180419245651623,0,0,True,True
1710,2.5,0.6320814955820776,0.061925734496661333,0,0,True,True
1710,3,0.65504857856894461,0.066876481308069891,0,0,True,True
1720,1,0,0,0,0,True,True
1720,1.1000000000000001,0.39173354922809822,0.029227317693501981,0,0,True,True
1720,1.25,0.44334265314040799,0.054504792100457083,0,0,True,True
1720,1.5,0.45081135902636915,0.069873147324213097,0,0,True,True
1720,2,0.48753010902636917,0.085371672721426567,0,0,True,True
1720,2.5,0.52304931936631249,0.095911765298375834,0,0,True,True
1720,3,0.6047300231793451,0.10899654174144233,0,0,True,True
1730,1,0,0,0,0,True,True
1730,1.1000000000000001,0.52767242388141011,0.018015407092455471,0,0,True,True
1730,1.25,0.53519267529841308,0.037052866419164943,0,0,True,True
1730,1.5,0.55163889572824343,0.042488327605707699,0,0,True,True
1730,2,0.58357168607438981,0.044033761374394326,0,0,True,True
1730,2.5,0.60317475539626353,0.036112232570426367,0,0,True,True
1730,3,0.61341587516038165,0.040186187295050052,0,0,True,True
1740,1,0,0,0,0,True,True
1740,1.1000000000000001,0.36891762415683482,0.0069996012956328735,0,0,True,True
1740,1.25,0.37120696327772779,0.010152876389768528,0,0,True,True
1740,1.5,0.37750955700894134,0.017937196137597977,0,0,True,True
1740,2,0.37991443553725279,0.026184317047151795,0,0,True,True
1740,2.5,0.38036638201057993,0.035176735522661318,0,0,True,True
1740,3,0.38011701837842371,0.045255776054789032,0,0,True,True
1750,1,0,0,0,0,True,True
1750,1.1000000000000001,0.59635483618560037,0.044522703097554711,0,0,True,True
1750,1.25,0.59392197089096876,0.073720346825777799,0,0,True,True
1750,1.5,0.59476595002615773,0.11059728113387998,0,0,True,True
1750,2,0.6491437394722066,0.15367990351609687,0,0,True,True
1750,2.5,0.68641423559123438,0.18938373689176649,0,0,True,True
1750,3,0.70688447383577246,0.21465642991140274,0,0,True,True
1760,1,0,0,0,0,True,True
1760,1.1000000000000001,0.70621148746148754,0.026011100287361921,0,0,True,True
1760,1.25,0.69071351998181274,0.03087563133617427,0,0,True,True
1760,1.5,0.69116519116519126,0.037344371446787816,0,0,True,True
1760,2,0.70578507420612691,0.051498103485331959,0,0,True,True
1760,2.5,0.74820147846463647,0.064799066661783755,0,0,True,True
1760,3,0.77601919569132694,0.077804744924476255,0,0,True,True
1770,1,0,0,0,0,True,True
1770,1.1000000000000001,0.58901061483027195,0.034076569967079196,0,0,True,True
1770,1.25,0.59277781826680709,0.058503129026109213,0,0,True,True
1770,1.5,0.61070175789072134,0.08762769849481894,0,0,True,True
1770,2,0.63097706105667373,0.11770595369663289,0,0,True,True
1770,2.5,0.64396964849000271,0.1347408248431804,0,0,True,True
1770,3,0.64527567646477868,0.15751444284031324,0,0,True,True
1780,1,0,0,0,0,True,True
1780,1.1000000000000001,0.62105194136106046,0.025338800158918984,0,0,True,True
1780,1.25,0.64919379950291856,0.038771366614003211,0,0,True,True
1780,1.5,0.6670283415604954,0.05216959585563602,0,0,True,True
1780,2,0.6844502097593288,0.066576988177612095,0,0,True,True
1780,2.5,0.6924409803838687,0.076063805812079111,0,0,True,True
1780,3,0.73167674823331796,0.088324921885767738,0,0,True,True
1790,1,0,0,0,0,True,True
1790,1.1000000000000001,0.47672162262822898,0.0087425100864752525,0,0,True,True
1790,1.25,0.44072537495996389,0.022055598068873916,0,0,True,True
1790,1.5,0.43363534956901162,0.035482864009090065,0,0,True,True
1790,2,0.44506429254628516,0.04544922878214519,0,0,True,True
1790,2.5,0.45216301595567893,0.055136857771125869,0,0,True,True
1790,3,0.4579343533275303,0.074223109778561447,0,0,True,True
1800,1,0,0,0,0,True,True
1800,1.1000000000000001,0.59458415690729371,0.0098533129529215224,0,0,True,True
1800,1.25,0.578554489479014,0.012985702957373946,0,0,True,True
1800,1.5,0.57392691076186664,0.015653260469935371,0,0,True,True
1800,2,0.58388952520121851,0.028411686867115621,0,0,True,True
1800,2.5,0.58925217050600531,0.039136350435846207,0,0,True,True
1800,3,0.59239899375632488,0.04557574896703559,0,0,True,True
1810,1,0,0,0,0,True,True
1810,1.1000000000000001,0.73845971338891381,0.017786797370714202,0,0,True,True
1810,1.25,0.73936964056389487,0.020661169715274486,0,0,True,True
1810,1.5,0.74163969914893635,0.017432838424435604,0,0,True,True
1810,2,0.75723460998851788,0.016322339144800968,0,0,True,True
1810,2.5,0.7646109023922536,0.017380160903101738,0,0,True,True
1810,3,0.77214805588643121,0.03058429571883603,0,0,True,True
1820,1,0,0,0,0,True,True
1820,1.1000000000000001,0.72688009480121607,0.031505338963660812,0,0,True,True
1820,1.25,0.73044167047097819,0.059230579285885793,0,0,True,True
1820,1.5,0.73756523558091902,0.091301632486514239,0,0,True,True
1820,2,0.7443274655042833,0.12360121443397151,0,0,True,True
1820,2.5,0.82587412587412579,0.12195383885748354,0,0,True,True
1820,3,0.86390532544378695,0.12188756375030629,0,0,True,True
1830,1,0,0,0,0,True,True
1830,1.1000000000000001,0.39559696890942775,0.0075780753676562007,0,0,True,True
1830,1.25,0.40077239416388222,0.012178561739765559,0,0,True,True
1830,1.5,0.4079602309559166,0.015468483729747795,0,0,True,True
1830,2,0.41893761556763254,0.021921229776922402,0,0,True,True
1830,2.5,0.42423521207979814,0.030224286752713991,0,0,True,True
1830,3,0.42781537032137773,0.034845696943637428,0,0,True,True
1840,1,0,0,0,0,True,True
1840,1.1000000000000001,0.59278055481359948,0.042599883747298478,0,0,True,True
1840,1.25,0.59744712112400133,0.063511371729637195,0,0,True,True
1840,1.5,0.65977541782729809,0.082272363756288047,0,0,True,True
1840,2,0.74086574629445134,0.095451549778571759,0,0,True,True
1840,2.5,0.76741774455997136,0.11020278740641079,0,0,True,True
1840,3,0.80100682144954904,0.11543181291298982,0,0,True,True
1850,1,0,0,0,0,True,True
1850,1.1000000000000001,0.65862257691483839,0.007645132288037787,0,0,True,True
1850,1.25,0.66192852656490198,0.017040986296389171,0,0,True,True
1850,1.5,0.66597949762284081,0.029952709422852664,0,0,True,True
1850,2,0.67251443316970905,0.057516101961659211,0,0,True,True
1850,2.5,0.67629702684239423,0.086641607589072439,0,0,True,True
1850,3,0.68009195058712091,0.11184136009009131,0,0,True,True
1860,1,0,0,0,0,True,True
1860,1.1000000000000001,0.47217645302026012,0.026072286827955926,0,0,True,True
1860,1.25,0.46050397836313467,0.029720584618496582,0,0,True,True
1860,1.5,0.55402298850574716,0.037108495187353319,0,0,True,True
1860,2,0.66981981981981986,0.044110650964571563,0,0,True,True
1860,2.5,0.68333333333333335,0.047946117838192748,0,0,True,True
1860,3,0.68333333333333335,0.049999698145482774,0,0,True,True
1870,1,0,0,0,0,True,True
1870,1.1000000000000001,0.31085669452498721,0.011224529297964025,0,0,True,True
1870,1.25,0.31153768626052442,0.013657565148241568,0,0,True,True
1870,1.5,0.31326791749907534,0.023883669589774448,0,0,True,True
1870,2,0.31520258197087464,0.039818547964389356,0,0,True,True
1870,2.5,0.43364713027634383,0.047515406963497819,0,0,True,True
1870,3,0.54122694122694126,0.056253423215590431,0,0,True,True
1880,1,0,0,0,0,True,True
1880,1.1000000000000001,0.72147677866201632,0.027635721207106528,0,0,True,True
1880,1.25,0.72196182527300223,0.04183500691533143,0,0,True,True
1880,1.5,0.72062806968310034,0.066873629384253119,0,0,True,True
1880,2,0.72098986613145888,0.094060844103638172,0,0,True,True
1880,2.5,0.72072516703106304,0.098471726801767565,0,0,True,True
1880,3,0.72195844213547167,0.099462294082569541,0,0,True,True
1890,1,0,0,0,0,True,True
1890,1.1000000000000001,0.77868785322303224,0.047819588728029633,0,0,True,True
1890,1.25,0.69872116817406393,0.065523142180240274,0,0,True,True
1890,1.5,0.74012523245002326,0.060523892242101529,0,0,True,True
1890,2,0.82978152517187853,0.052666686650906291,0,0,True,True
1890,2.5,0.87548582699743971,0.047169607591149798,0,0,True,True
1890,3,0.89788089308688834,0.054405779332724086,0,0,True,True
1900,1,0,0,0,0,True,True
1900,1.1000000000000001,0.64491981880570448,0.013282833058637339,0,0,True,True
1900,1.25,0.64644451287972837,0.023225732457659548,0,0,True,True
1900,1.5,0.64889099993998978,0.041041473505052162,0,0,True,True
1900,2,0.65176529206112732,0.05788674200315852,0,0,True,True
1900,2.5,0.65363098304079792,0.062167058859454283,0,0,True,True
1900,3,0.65453083164489334,0.048822427309261118,0,0,True,True
1910,1,0,0,0,0,True,True
1910,1.1000000000000001,0.62373577704058514,0.029791382801259647,0,0,True,True
1910,1.25,0.57763784062634027,0.048322941437256101,0,0,True,True
1910,1.5,0.56667844772743337,0.061968468363708062,0,0,True,True
1910,2,0.6339285714285714,0.063915061665845041,0,0,True,True
1910,2.5,0.75582901554404147,0.059884241754343065,0,0,True,True
1910,3,0.82738095238095233,0.076616258366417805,0,0,True,True
1920,1,0,0,0,0,True,True
1920,1.1000000000000001,0.69397589255175807,0.026322637405467725,0,0,True,True
1920,1.25,0.70698472216681962,0.063227999608392926,0,0,True,True
1920,1.5,0.71987590955789327,0.062870582673444864,0,0,True,True
1920,2,0.7340618317904879,0.054976444461896368,0,0,True,True
1920,2.5,0.74301639077658899,0.057684382883169794,0,0,True,True
1920,3,0.74976832238813484,0.063735944264145139,0,0,True,True
1930,1,0,0,0,0,True,True
1930,1.1000000000000001,0.81362936127655272,0.019629570954975195,0,0,True,True
1930,1.25,0.73599144227355051,0.021619258395577989,0,0,True,True
1930,1.5,0.76178028888564175,0.026974141494391313,0,0,True,True
1930,2,0.79724312266780317,0.027525783405732057,0,0,True,True
1930,2.5,0.81138119870254943,0.030709750622529647,0,0,True,True
1930,3,0.81822571266564814,0.036337603880665426,0,0,True,True
1940,1,0,0,0,0,True,True
1940,1.1000000000000001,0.38498068062726448,0.0072578455770065387,0,0,True,True
1940,1.25,0.38510920563217749,0.01493730166474766,0,0,True,True
1940,1.5,0.38672883300451172,0.017069230719219786,0,0,True,True
1940,2,0.38965892927494289,0.034229154580320303,0,0,True,True
1940,2.5,0.3910963895992875,0.045946526242445329,0,0,True,True
1940,3,0.3924835342789158,0.063765440222019049,0,0,True,True
1950,1,0,0,0,0,True,True
1950,1.1000000000000001,0.41671849380213916,0.0077606178021785988,0,0,True,True
1950,1.25,0.38777613088352469,0.017347700852557796,0,0,True,True
1950,1.5,0.35764961389961392,0.036615555756458945,0,0,True,True
1950,2,0.43609022556390975,0.052138022754406099,0,0,True,True
1950,2.5,0.51688182720953324,0.059599045241317594,0,0,True,True
1950,3,0.52631578947368418,0.069052011068880537,0,0,True,True
1960,1,0,0,0,0,True,True
1960,1.1000000000000001,0.49816462259310146,0.047171939360929921,0,0,True,True
1960,1.25,0.75,0.06921398232377253,0,0,True,True
1960,1.5,1,0.031897736249288267,0,0,True,True
1960,2,1,0.018029283065066681,0,0,True,True
1960,2.5,1,0.021104198100995231,0,0,True,True
1960,3,1,0.018446278680543382,0,0,True,True
1970,1,0,0,0,0,True,True
1970,1.1000000000000001,0.4424276155736665,0.008078882262616105,0,0,True,True
1970,1.25,0.45056729235007958,0.0075126582620517746,0,0,True,True
1970,1.5,0.45601724576854114,0.011461688363810896,0,0,True,True
1970,2,0.45792856075325061,0.011817025224669986,0,0,True,True
1970,2.5,0.45792856075325061,0.024025963522714106,0,0,True,True
1970,3,0.45792856075325061,0.032458890192558154,0,0,True,True
1980,1,0,0,0,0,True,True
1980,1.1000000000000001,0.67787179945573373,0.026874797240739601,0,0,True,True
1980,1.25,0.71842280047610596,0.02524151531282573,0,0,True,True
1980,1.5,0.76514517307820085,0.024348913049262538,0,0,True,True
1980,2,0.80186938522955087,0.017546488330800331,0,0,True,True
1980,2.5,0.82008014690584097,0.014917212736999946,0,0,True,True
1980,3,0.83071466106148195,0.033169811424237777,0,0,True,True
1990,1,0,0,0,0,True,True
1990,1.1000000000000001,0.33674744602770523,0.0098868239223797172,0,0,True,True
1990,1.25,0.50733137829912023,0.015765393605538885,0,0,True,True
1990,1.5,0.63636363636363635,0.047422895671807158,0,0,True,True
1990,2,0.63636363636363635,0.058681003211765059,0,0,True,True
1990,2.5,0.63636363636363635,0.06127929433076662,0,0,True,True
1990,3,0.63636363636363635,0.055491555015973471,0,0,True,True
2000,1,0,0,0,0,True,True
2000,1.1000000000000001,0.30936356355021538,0.010322724756882368,0,0,True,True
2000,1.25,0.35806828758555637,0.0063299432194141581,0,0,True,True
2000,1.5,0.3095165654525423,0.010537761347326646,0,0,True,True
2000,2,0.40539884511773971,0.026287798352330138,0,0,True,True
2000,2.5,0.47300404944994012,0.033371544505581885,0,0,True,True
2000,3,0.49698503920149939,0.051923464128905361,0,0,True,True
2010,1,0,0,0,0,True,True
2010,1.1000000000000001,0.45313239994214749,0.019009235131918295,0,0,True,True
2010,1.25,0.46710502432391404,0.023633290786679084,0,0,True,True
2010,1.5,0.4802377616750913,0.023004652862428282,0,0,True,True
2010,2,0.49386255189365691,0.027140986450129329,0,0,True,True
2010,2.5,0.50006651727701967,0.047499240557800915,0,0,True,True
2010,3,0.50423034489399798,0.052559153479432796,0,0,True,True
2020,1,0,0,0,0,True,True
2020,1.1000000000000001,0.42425776962214168,0.012335292106919277,0,0,True,True
2020,1.25,0.42859848069136247,0.02355902496734219,0,0,True,True
2020,1.5,0.43305357278661682,0.032275301730957218,0,0,True,True
2020,2,0.43779228516393603,0.034933613699278665,0,0,True,True
2020,2.5,0.44226169497616297,0.025094790033923564,0,0,True,True
2020,3,0.44558084232930395,0.023940239830811838,0,0,True,True
2030,1,0,0,0,0,True,True
2030,1.1000000000000001,0.36861881217251163,0.026426716173631848,0,0,True,True
2030,1.25,0.3636858581734041,0.043507019048960482,0,0,True,True
2030,1.5,0.38068609833987654,0.056688082963466002,0,0,True,True
2030,2,0.41029659510672167,0.070421406730183878,0,0,True,True
2030,2.5,0.4912777638927685,0.084747369690871543,0,0,True,True
2030,3,0.5498905106118892,0.10187869339993694,0,0,True,True
2040,1,0,0,0,0,True,True
2040,1.1000000000000001,0.48696480641161843,0.013336433608114484,0,0,True,True
2040,1.25,0.49190319345705374,0.014046145367354018,0,0,True,True
2040,1.5,0.49834807240312001,0.024459378716403357,0,0,True,True
2040,2,0.50548560964244471,0.05064517437681576,0,0,True,True
2040,2.5,0.51024883629299911,0.089227418063287517,0,0,True,True
2040,3,0.51401254448357148,0.10455290979541358,0,0,True,True
2050,1,0,0,0,0,True,True
2050,1.1000000000000001,0.62089776259145579,0.02691399023315677,0,0,True,True
2050,1.25,0.6393239500178951,0.028846916076763068,0,0,True,True
2050,1.5,0.67229191557148549,0.041795886703208218,0,0,True,True
2050,2,0.71676441837732163,0.050184338255424177,0,0,True,True
2050,2.5,0.76866302204196546,0.04738735291833307,0,0,True,True
2050,3,0.80252248823763583,0.051259563685587706,0,0,True,True
2060,1,0,0,0,0,True,True
2060,1.1000000000000001,0.30518747630152954,0.010168574085864412,0,0,True,True
2060,1.25,0.30730792439986671,0.018472882757342712,0,0,True,True
2060,1.5,0.30982118309795936,0.023023824551805405,0,0,True,True
2060,2,0.31425648993637773,0.028423015724880374,0,0,True,True
2060,2.5,0.31724136264816222,0.033224876721624552,0,0,True,True
2060,3,0.31746338829688142,0.039068490922470944,0,0,True,True
2070,1,0,0,0,0,True,True
2070,1.1000000000000001,0.55599886062636728,0.017326548283898097,0,0,True,True
2070,1.25,0.55309311000070371,0.037463245329357298,0,0,True,True
2070,1.5,0.54936250584091506,0.032573421741124209,0,0,True,True
2070,2,0.57182582812709881,0.023258990485886089,0,0,True,True
2070,2.5,0.59252497612361199,0.023279480404308051,0,0,True,True
2070,3,0.60358707003894585,0.030922920607322213,0,0,True,True
2080,1,0,0,0,0,True,True
2080,1.1000000000000001,0.65645700221735426,0.013594548365668369,0,0,True,True
2080,1.25,0.66054333106574525,0.033333797296139472,0,0,True,True
2080,1.5,0.63548417270176993,0.094922713202231501,0,0,True,True
2080,2,0.64071856287425155,0.14831035123827155,0,0,True,True
2080,2.5,0.88257575757575757,0.15925939261075905,0,0,True,True
2080,3,0.96758104738154616,0.15892663737332061,0,0,True,True
2090,1,0,0,0,0,True,True
2090,1.1000000000000001,0.33757349754486238,0.0062013912774369628,0,0,True,True
2090,1.25,0.29654757480375471,0.010970724552985034,0,0,True,True
2090,1.5,0.29462550539356475,0.016344422858227209,0,0,True,True
2090,2,0.45600910717189785,0.022389387809334887,0,0,True,True
2090,2.5,0.57339172455451526,0.039820547164675507,0,0,True,True
2090,3,0.63477050804283219,0.063025178079707256,0,0,True,True
2100,1,0,0,0,0,True,True
2100,1.1000000000000001,0.75422468923974284,0.0097949155214767658,0,0,True,True
2100,1.25,0.75598748218454492,0.019898122626407361,0,0,True,True
2100,1.5,0.75897786170244752,0.031971725756997554,0,0,True,True
2100,2,0.76348689465572361,0.044508552394098316,0,0,True,True
2100,2.5,0.76491713147836615,0.058387743065542563,0,0,True,True
2100,3,0.76665183222442523,0.065527169812832853,0,0,True,True
2110,1,0,0,0,0,True,True
2110,1.1000000000000001,0.58767608048382314,0.0084151537898308204,0,0,True,True
2110,1.25,0.58906004485848018,0.0099360548043022079,0,0,True,True
2110,1.5,0.59176161891995371,0.026401450922960507,0,0,True,True
2110,2,0.59420339800548794,0.035126683966477473,0,0,True,True
2110,2.5,0.59573701794392775,0.053069455501510571,0,0,True,True
2110,3,0.59676043749385832,0.053364519798267979,0,0,True,True
2120,1,0,0,0,0,True,True
2120,1.1000000000000001,0.45301071279718969,0.015111161926057992,0,0,True,True
2120,1.25,0.45339949443597133,0.026558237853630873,0,0,True,True
2120,1.5,0.4540304847000165,0.041573397988518418,0,0,True,True
2120,2,0.4546518406463903,0.058397543544699421,0,0,True,True
2120,2.5,0.45509912471574254,0.062564744780026799,0,0,True,True
2120,3,0.4552761920847278,0.071948115940860341,0,0,True,True
2130,1,0,0,0,0,True,True
2130,1.1000000000000001,0.33745741538122553,0.0105206779351108,0,0,True,True
2130,1.25,0.34815069654567099,0.014612555371610714,0,0,True,True
2130,1.5,0.34215044284964263,0.019688447508859702,0,0,True,True
2130,2,0.34637181648992948,0.026024826840262527,0,0,True,True
2130,2.5,0.34954460453156877,0.040070401008450607,0,0,True,True
2130,3,0.38585209003215437,0.048316171356052651,0,0,True,True
2140,1,0,0,0,0,True,True
2140,1.1000000000000001,0.68223946510074684,0.017159995115366922,0,0,True,True
2140,1.25,0.70765416026580907,0.025631369318447228,0,0,True,True
2140,1.5,0.74529158053381472,0.025727987595082213,0,0,True,True
2140,2,0.78001399401562665,0.040189576145499284,0,0,True,True
2140,2.5,0.79640306770349167,0.050169455859519735,0,0,True,True
2140,3,0.80443631790971748,0.062340986212344462,0,0,True,True
2150,1,0,0,0,0,True,True
2150,1.1000000000000001,0.55339421788559073,0.015925971283136942,0,0,True,True
2150,1.25,0.55534963619185518,0.0142001355310723,0,0,True,True
2150,1.5,0.55648677147633796,0.017199293261719262,0,0,True,True
2150,2,0.55858660892056267,0.033601315178662716,0,0,True,True
2150,2.5,0.55979919868070205,0.042569402760275987,0,0,True,True
2150,3,0.5605008272778278,0.051918175920341758,0,0,True,True
2160,1,0,0,0,0,True,True
2160,1.1000000000000001,0.56872037914691942,0.029640801366349279,0,0,True,True
2160,1.25,0.567187812097111,0.049855290918812967,0,0,True,True
2160,1.5,0.45799574146576,0.047840562108036666,0,0,True,True
2160,2,0.56702210572489853,0.05521289185886788,0,0,True,True
2160,2.5,0.55718352697404594,0.057959324815699986,0,0,True,True
2160,3,0.56135003028373986,0.0557862772463181,0,0,True,True
2170,1,0,0,0,0,True,True
2170,1.1000000000000001,0.58312469783030663,0.0092757666091853597,0,0,True,True
2170,1.25,0.58774652489681234,0.022370019658632306,0,0,True,True
2170,1.5,0.59688104319883273,0.042768080163480021,0,0,True,True
2170,2,0.60892866594196704,0.062893347135687533,0,0,True,True
2170,2.5,0.61319709732316496,0.079211948533732118,0,0,True,True
2170,3,0.61728389267355832,0.099020712743283529,0,0,True,True
2180,1,0,0,0,0,True,True
2180,1.1000000000000001,0.63708844718447166,0.03012931677979136,0,0,True,True
2180,1.25,0.65316740831089848,0.053413027031994936,0,0,True,True
2180,1.5,0.80236486486486491,0.067053170377584848,0,0,True,True
2180,2,0.86486486486486491,0.071902050772281179,0,0,True,True
2180,2.5,0.86486486486486491,0.061390437754043153,0,0,True,True
2180,3,0.86486486486486491,0.045474203154248549,0,0,True,True
2190,1,0,0,0,0,True,True
2190,1.1000000000000001,0.47064229796572377,0.0037980890006094614,0,0,True,True
2190,1.25,0.43226880612734836,0.0063412855850123739,0,0,True,True
2190,1.5,0.39258902069113444,0.01206058747801983,0,0,True,True
2190,2,0.39699590012509856,0.010744786860278466,0,0,True,True
2190,2.5,0.4057136529730927,0.012862162950132261,0,0,True,True
2190,3,0.47121340506171133,0.018276245984947759,0,0,True,True
2200,1,0,0,0,0,True,True
2200,1.1000000000000001,1,0.0096473319800979285,0,0,True,True
2200,1.25,1,0.013367424604618011,0,0,True,True
2200,1.5,1,0.016575752093910073,0,0,True,True
2200,2,1,0.020446392442967309,0,0,True,True
2200,2.5,1,0.048160670472995493,0,0,True,True
2200,3,1,0.027228477515410437,0,0,True,True
2210,1,0,0,0,0,True,True
2210,1.1000000000000001,1,0.0086194652730622601,0,0,True,True
2210,1.25,1,0.0094628944323786324,0,0,True,True
2210,1.5,1,0.013003922544040675,0,0,True,True
2210,2,1,0.017035776442904271,0,0,True,True
2210,2.5,1,0.011917781795339782,0,0,True,True
2210,3,1,0.045785164259129651,0,0,True,True
2220,1,0,0,0,0,True,True
2220,1.1000000000000001,1,0.020064011892689054,0,0,True,True
2220,1.25,1,0.0040334292909896541,0,0,True,True
2220,1.5,1,0.013483248403112907,0,0,True,True
2220,2,1,0.0086905607714912181,0,0,True,True
2220,2.5,1,0.022962661279415014,0,0,True,True
2220,3,1,0.015136035951908128,0,0,True,True
2230,1,0,0,0,0,True,True
2230,1.1000000000000001,1,0.0065562378892866646,0,0,True,True
2230,1.25,1,0.003710555017735595,0,0,True,True
2230,1.5,1,0.011719277213049384,0,0,True,True
2230,2,1,0.0083864228205787761,0,0,True,True
2230,2.5,1,0.034137877342320322,0,0,True,True
2230,3,1,0.037485057199166505,0,0,True,True
2240,1,0,0,0,0,True,True
2240,1.1000000000000001,1,0.013617735104997586,0,0,True,True
2240,1.25,1,0.012765539039636981,0,0,True,True
2240,1.5,1,0.0083167995701200481,0,0,True,True
2240,2,1,0.01329750770936694,0,0,True,True
2240,2.5,1,0.020643106134857592,0,0,True,True
2240,3,1,0.011715616667597184,0,0,True,True
2250,1,0,0,0,0,True,True
2250,1.1000000000000001,1,0.037440340761387136,0,0,True,True
2250,1.25,1,0.040922052104712031,0,0,True,True
2250,1.5,1,0.023738755311766391,0,0,True,True
2250,2,1,0.058668551393402157,0,0,True,True
2250,2.5,1,0.080700036849471607,0,0,True,True
2250,3,1,0.062546292180493096,0,0,True,True
2260,1,0,0,0,0,True,True
2260,1.1000000000000001,1,0.023676244438419064,0,0,True,True
2260,1.25,1,0.015175958607969331,0,0,True,True
2260,1.5,1,0.0075211176648342648,0,0,True,True
2260,2,1,0.023599073616964866,0,0,True,True
2260,2.5,1,0.029884324147122499,0,0,True,True
2260,3,1,0.023718500339080267,0,0,True,True
2270,1,0,0,0,0,True,True
2270,1.1000000000000001,1,0.0020596074763011007,0,0,True,True
2270,1.25,1,0.010748501153211604,0,0,True,True
2270,1.5,1,0.012870662529788496,0,0,True,True
2270,2,1,0.010947119352834517,0,0,True,True
2270,2.5,1,0.037479199826972925,0,0,True,True
2270,3,1,0.010725802696071152,0,0,True,True
2280,1,0,0,0,0,True,True
2280,1.1000000000000001,1,0.0073698880604851635,0,0,True,True
2280,1.25,1,0.012495339354616941,0,0,True,True
2280,1.5,1,0.028723067218231757,0,0,True,True
2280,2,1,0.01262812684058176,0,0,True,True
2280,2.5,1,0.013115013406628656,0,0,True,True
2280,3,1,0.012214211416928078,0,0,True,True
2290,1,0,0,0,0,True,True
2290,1.1000000000000001,1,0.0067958563881039269,0,0,True,True
2290,1.25,1,0.016149889759011798,0,0,True,True
2290,1.5,1,0.003402639446892175,0,0,True,True
2290,2,1,0.0085668801436621367,0,0,True,True
2290,2.5,1,0.016454483696351441,0,0,True,True
2290,3,1,0.029531103993687247,0,0,True,True
