condition_index,role,row_index,relative_path,support_factor,low_1_4,mid_5_12,highmid_13_24,high_25_36
0,S01,781,Harem/8-10.tif,1,0.22520971772101944,0.25833956160816118,0.31406890917196728,0.20238181149885209
1,S02,1086,Jumpsuit/8_2.tif,1,0.42671644562601918,0.24162121414172794,0.22645645933517153,0.10520588089708154
2,S03,1625,Skinny/2-5.tif,1,0.2912233499102288,0.18672005440707826,0.2208072162788913,0.30124937940380159
3,S04,1024,Jumpsuit/2_5.tif,1,0.36902693111265483,0.19129673984648846,0.19075628741336043,0.24892004162749626
4,S05,432,Circle/3_2.tif,1,0.26738800311495819,0.34859193049348508,0.2732580440318943,0.11076202235966262
5,S06,1824,Suit/2-4.tif,1,0.21276397238886069,0.26368628519066345,0.29174449274189718,0.23180524967857863
6,S07,185,Bermuda/8-5.tif,1,0.24851759813943475,0.27234218061972315,0.27533876765631288,0.20380145358452914
7,S08,1349,Pencil/4-9.tif,1,0.32527170547221917,0.22843566884388372,0.27859188364542969,0.16770074203846758
8,S09,1591,Shirt/9_10.tif,1,0.22591247653399252,0.27136965955944536,0.26438579391406336,0.23833206999249862
9,S10,2007,Tunic/10_7.tif,1,0.22771512384297443,0.26318378571818346,0.31233047751574933,0.19677061292309284
10,S01,781,Harem/8-10.tif,1.1000000000000001,0.23391156950528269,0.27395145331783444,0.30078639919392003,0.19135057798296295
11,S02,1086,Jumpsuit/8_2.tif,1.1000000000000001,0.45321955371429873,0.24756408109350808,0.21208179401557725,0.087134571176616049
12,S03,1625,Skinny/2-5.tif,1.1000000000000001,0.32026162544141273,0.19516544102017463,0.20984799805850293,0.27472493547990956
13,S04,1024,Jumpsuit/2_5.tif,1.1000000000000001,0.38673344945517102,0.20795135216955704,0.18362985858045533,0.22168533979481672
14,S05,432,Circle/3_2.tif,1.1000000000000001,0.27441127273497212,0.35457512369230565,0.27244193066186778,0.098571672910854669
15,S06,1824,Suit/2-4.tif,1.1000000000000001,0.22896827699690256,0.27096902051081262,0.28029356435270103,0.21976913813958376
16,S07,185,Bermuda/8-5.tif,1.1000000000000001,0.26484544741871829,0.27334383400025486,0.27037134773674715,0.19143937084427964
17,S08,1349,Pencil/4-9.tif,1.1000000000000001,0.34986955930293379,0.22456154065269895,0.25728443493559888,0.16828446510876852
18,S09,1591,Shirt/9_10.tif,1.1000000000000001,0.23706601101583064,0.27358386307721194,0.25933490174196616,0.23001522416499121
19,S10,2007,Tunic/10_7.tif,1.1000000000000001,0.24364623975996844,0.26080624667007263,0.29973634781216346,0.19581116575779575
20,S01,781,Harem/8-10.tif,1.25,0.23666275271877968,0.27731597984816408,0.29385411722116406,0.19216715021189215
21,S02,1086,Jumpsuit/8_2.tif,1.25,0.46197704273618051,0.24729551599304803,0.19456086433051653,0.096166576940254822
22,S03,1625,Skinny/2-5.tif,1.25,0.36394539923543739,0.20166297622038654,0.20363413525316135,0.23075748929101458
23,S04,1024,Jumpsuit/2_5.tif,1.25,0.42561825948594972,0.22495990288590073,0.17285354187709728,0.17656829575105201
24,S05,432,Circle/3_2.tif,1.25,0.26590209931068359,0.33868736960673701,0.28022229718309766,0.11518823389948199
25,S06,1824,Suit/2-4.tif,1.25,0.23934719002947114,0.26325955656776873,0.27697565415010666,0.2204175992526537
26,S07,185,Bermuda/8-5.tif,1.25,0.2690171910874829,0.27166092941967096,0.26705096356671465,0.19227091592613144
27,S08,1349,Pencil/4-9.tif,1.25,0.39744355452411745,0.22817591169330134,0.23206626489122198,0.14231426889135912
28,S09,1591,Shirt/9_10.tif,1.25,0.2460084694095156,0.27587632596787381,0.25792549892622091,0.22018970569638968
29,S10,2007,Tunic/10_7.tif,1.25,0.2675158810963027,0.2603332434097605,0.29220111163904866,0.17994976385488812
30,S01,781,Harem/8-10.tif,1.5,0.23329870725687854,0.29247055622908197,0.28414334764106658,0.19008738887297294
31,S02,1086,Jumpsuit/8_2.tif,1.5,0.45057656848745681,0.23553535653394911,0.20064875012447919,0.11323932485411474
32,S03,1625,Skinny/2-5.tif,1.5,0.39472201822090031,0.20528898384660438,0.19866168999798481,0.20132730793451045
33,S04,1024,Jumpsuit/2_5.tif,1.5,0.46201616936076972,0.22538534050938319,0.15816754847557271,0.15443094165427429
34,S05,432,Circle/3_2.tif,1.5,0.25267530385785164,0.31591318488617603,0.28182287879406942,0.14958863246190274
35,S06,1824,Suit/2-4.tif,1.5,0.23915611149548824,0.26298594567907979,0.27397945765034115,0.22387848517509068
36,S07,185,Bermuda/8-5.tif,1.5,0.28273132047989497,0.2730548607545239,0.25471240992311683,0.18950140884246436
37,S08,1349,Pencil/4-9.tif,1.5,0.42490325517198529,0.24575780920741572,0.22906122652822927,0.10027770909236966
38,S09,1591,Shirt/9_10.tif,1.5,0.24981552146332545,0.27862323296830127,0.25710856078111816,0.21445268478725518
39,S10,2007,Tunic/10_7.tif,1.5,0.29305682998043414,0.26926376819544229,0.27209019100187726,0.16558921082224629
40,S01,781,Harem/8-10.tif,2,0.23123804784040089,0.30651055398064891,0.27701338531524461,0.18523801286370559
41,S02,1086,Jumpsuit/8_2.tif,2,0.40556441364443829,0.25086417648474679,0.21219157131115873,0.13137983855965618
42,S03,1625,Skinny/2-5.tif,2,0.41076430945984826,0.20872447579494827,0.20129981874927708,0.17921139599592628
43,S04,1024,Jumpsuit/2_5.tif,2,0.5088155285535757,0.21273933894301938,0.14536878033542303,0.13307635216798192
44,S05,432,Circle/3_2.tif,2,0.25733450884353565,0.29516323934693778,0.26864045242901935,0.17886179938050728
45,S06,1824,Suit/2-4.tif,2,0.24703221082618274,0.26536514214649276,0.2664725149243693,0.22113013210295515
46,S07,185,Bermuda/8-5.tif,2,0.29587421220585991,0.27371406269844595,0.2468187844002902,0.18359294069540383
47,S08,1349,Pencil/4-9.tif,2,0.41663781066999478,0.28349833232304167,0.21911258922413332,0.08075126778283033
48,S09,1591,Shirt/9_10.tif,2,0.27904625894980217,0.2941755576541154,0.24373350441660693,0.18304467897947535
49,S10,2007,Tunic/10_7.tif,2,0.3175081662505001,0.26855622511539951,0.25665028988276656,0.15728531875133381
50,S01,781,Harem/8-10.tif,2.5,0.23155109180125852,0.31306550740115729,0.26946984094512133,0.1859135598524628
51,S02,1086,Jumpsuit/8_2.tif,2.5,0.37616939022676921,0.24457610758581969,0.22794585887061602,0.15130864331679503
52,S03,1625,Skinny/2-5.tif,2.5,0.4160378061541648,0.22132841438084286,0.20487447971985442,0.15775929974513792
53,S04,1024,Jumpsuit/2_5.tif,2.5,0.55426718170995226,0.20894569834275981,0.1305387476902545,0.10624837225703332
54,S05,432,Circle/3_2.tif,2.5,0.25725300435530057,0.28361008737879206,0.26307931972147924,0.19605758854442853
55,S06,1824,Suit/2-4.tif,2.5,0.25754810302361697,0.27431853553187874,0.25901117910205385,0.2091221823424505
56,S07,185,Bermuda/8-5.tif,2.5,0.30270113419333938,0.28280120925535573,0.24643358815086422,0.16806406840044077
57,S08,1349,Pencil/4-9.tif,2.5,0.37716212848382752,0.29710030849047986,0.22607158925066617,0.099665973775026354
58,S09,1591,Shirt/9_10.tif,2.5,0.30060106690798788,0.31365771006583032,0.23099440161671736,0.15474682140946436
59,S10,2007,Tunic/10_7.tif,2.5,0.34364479370456646,0.27293510786216107,0.24635766544942264,0.1370624329838499
60,S01,781,Harem/8-10.tif,3,0.23160568717126481,0.31489099941632653,0.26626982582120284,0.18723348759120573
61,S02,1086,Jumpsuit/8_2.tif,3,0.36469862000137376,0.2381161080144327,0.23901653859808156,0.15816873338611201
62,S03,1625,Skinny/2-5.tif,3,0.42372837563019095,0.22850977482411927,0.2048797585688886,0.14288209097680116
63,S04,1024,Jumpsuit/2_5.tif,3,0.57353325635997565,0.20248702136985025,0.12917203995398521,0.094807682316188885
64,S05,432,Circle/3_2.tif,3,0.26044648931437314,0.27796268740068131,0.25976376397621842,0.20182705930872721
65,S06,1824,Suit/2-4.tif,3,0.27317339591986856,0.2759576139200256,0.25275059379216136,0.19811839636794432
66,S07,185,Bermuda/8-5.tif,3,0.31504547459107601,0.28882352217521273,0.23843355731175042,0.15769744592196086
67,S08,1349,Pencil/4-9.tif,3,0.35728714247869919,0.29268069503340588,0.23413934362198457,0.1158928188659105
68,S09,1591,Shirt/9_10.tif,3,0.32531290426324522,0.32961533013242095,0.22071168850807116,0.12436007709626282
69,S10,2007,Tunic/10_7.tif,3,0.36853987578401853,0.26987184048049034,0.23660915065182106,0.12497913308366998
