source_id,authors,year,title,domain,representation,core_concept,weaveai_role,priority,boundary_or_caution,status
SSL-001,Paulson & Hammond,2008,PaleoSketch: Accurate Primitive Sketch Recognition and Beautification,sketch recognition,geometric primitives,"Recognize primitive stroke types such as lines, arcs, circles, ellipses and curves",primitive alphabet,HIGH,Primitive vocabulary precedent; not garment semantics,reviewed
SSL-002,Kaiyrbekov & Sezgin,2019,Stroke-based sketched symbol reconstruction and segmentation,sketch segmentation,stroke representation + context,Stroke meaning depends on shape and contextual placement,contextual semantics,VERY HIGH,Supports stroke/component semantics beyond raw geometry,reviewed
SSL-003,Seff et al.,2020,SketchGraphs: A Large-Scale Dataset for Modeling Relational Geometry in Computer-Aided Design,CAD / relational geometry,primitive-constraint graph,Sketches represented as geometric entities plus explicit constraints,typed relation graph,VERY HIGH,Strong precedent for primitives + constraints; CAD is cleaner than garment sketches,reviewed
SSL-004,Seff et al.,2022,Vitruvion: A Generative Model of Parametric CAD Sketches,CAD / generative modeling,constraint program,Generate primitives and constraints as a structured parametric sketch representation,graph ↔ program,VERY HIGH,Closest structural precedent; do not copy CAD assumptions directly,reviewed
SSL-005,Ellis et al.,2018,Learning to Infer Graphics Programs from Hand-Drawn Images,program induction,graphics program,Infer compact programs from hand-drawn images using primitive perception plus program synthesis,program induction,VERY HIGH,Supports executable structure rather than only labels,reviewed
SSL-006,"Lake, Salakhutdinov & Tenenbaum",2015,Human-level concept learning through probabilistic program induction,Bayesian concept learning,probabilistic generative program,Few-shot concept learning through structured generative programs and priors,few-shot structured inference,VERY HIGH,Strong conceptual fit for small-data WeaveAI,reviewed
SSL-007,Kulkarni et al.,2015,Picture: A Probabilistic Programming Language for Scene Perception,probabilistic programming,analysis-by-synthesis,Infer latent structured explanations by probabilistic generative programs,probabilistic program inference,VERY HIGH,Supports uncertainty over full structured explanations,reviewed
SSL-008,Jones et al.,2020,ShapeAssembly: Learning to Generate Programs for 3D Shape Structure Synthesis,3D structure / programs,assembly language,"Represent shapes using parts, attachments, hierarchy, symmetry and parameters",assembly grammar / program,VERY HIGH,Useful Lego-like precedent for interpretable assembly structure,reviewed
SSL-009,"Zhou, Sun & Li",2009,Multi-Instance Learning by Treating Instances As Non-I.I.D. Samples,multi-instance learning,bag-as-graph,Treat instances in a bag as inter-correlated components and exploit relations,graph-structured MIL,VERY HIGH,Key warning: wrong structure can hurt; their graph construction is simple distance-based,reviewed
SSL-010,Kipf et al.,2018,Neural Relational Inference for Interacting Systems,latent graph inference,probabilistic edge types,Infer latent interaction graphs and relation types rather than assuming edges,latent relation inference,VERY HIGH,Dynamic-system setting differs; relation-latent idea is the useful precedent,reviewed
SSL-011,Zhu & Mumford,2006,A Stochastic Grammar of Images,visual grammar,And-Or graph,Represent visual concepts compositionally with alternatives and relations,grammar,VERY HIGH,Prior art for probabilistic visual grammar; not garment-specific,reviewed
SSL-012,Hammond & Davis,2005,"LADDER: A Language to Describe Drawing, Display, and Editing in Sketch Recognition",sketch domain language,hierarchical domain descriptions,Describe sketch-domain shapes through lower-level components and constraints,domain grammar,VERY HIGH,Closest to explicit domain description language,reviewed
SSL-013,Alvarado & Davis,2004,SketchREAD: A Multi-Domain Sketch Recognition Engine,sketch understanding,contextual probabilistic interpretation,Use domain structure and context to reinterpret uncertain low-level evidence,context ↔ semantics,VERY HIGH,Supports bottom-up + top-down sketch interpretation,reviewed
SSL-014,Johnson et al.,2015,Image Retrieval using Scene Graphs,scene graphs,objects + attributes + relations,Represent one scene as entities connected by semantic relations,instance graph,HIGH,Useful distinction: scene graph = instance; grammar = language,reviewed
SSL-015,Stiny & Gips,1972,Shape Grammars and the Generative Specification of Painting and Sculpture,shape grammar,geometric production rules,Use production rules operating directly on shapes,geometric grammar,HIGH,Foundational grammar prior art; not probabilistic and not garment-specific,reviewed
