calibration_index,row_index,category,garment_identity,relative_path,four_band_l1_s3_minus_s1,four_band_l1_nondecreasing,low_1_4_delta_s3_minus_s1,low_1_4_endpoint_direction_concordant,low_1_4_trajectory_monotone_in_predicted_direction,mid_5_12_delta_s3_minus_s1,mid_5_12_endpoint_direction_concordant,mid_5_12_trajectory_monotone_in_predicted_direction,highmid_13_24_delta_s3_minus_s1,highmid_13_24_endpoint_direction_concordant,highmid_13_24_trajectory_monotone_in_predicted_direction,high_25_36_delta_s3_minus_s1,high_25_36_endpoint_direction_concordant,high_25_36_trajectory_monotone_in_predicted_direction
0,0,A-Line,A-Line::1,A-Line/1-1.tif,0.2482411069519177,False,0.096409564456594737,True,True,0.027710989019363974,,,-0.048094407703377695,True,False,-0.076026145772581294,True,False
1,10,A-Line,A-Line::10,A-Line/10-1.tif,0.084393958416471543,False,-0.0062348521128713918,False,False,-0.035962127095364282,,,0.022708733247033985,False,False,0.019488245961201883,False,False
2,20,A-Line,A-Line::2,A-Line/2-1.tif,0.28690860740590196,True,0.059830465188493581,True,False,0.083623838514457316,,,-0.056335089203529087,True,False,-0.087119214499422004,True,True
3,30,A-Line,A-Line::3,A-Line/3-1.tif,0.13348949627155748,False,-0.061767776306450334,False,False,0.066018666859521125,,,0.0007260812762575064,False,False,-0.0049769718293285192,True,False
4,40,A-Line,A-Line::4,A-Line/4-1.tif,0.10931652043208059,False,-0.0016941755473647846,False,False,0.0546582602160402,,,-0.022881361683559115,True,False,-0.030082722985116495,True,False
5,50,A-Line,A-Line::5,A-Line/5-1.tif,0.16595941302249173,False,-0.036591098456841498,False,False,0.08297970651124581,,,-0.0068465654747758009,True,False,-0.039542042579628622,True,False
6,60,A-Line,A-Line::6,A-Line/6-1.tif,0.082199028229477583,False,0.013794768116270201,True,False,0.022744901616874869,,,0.0045598443815936252,False,False,-0.041099514114738889,True,False
7,70,A-Line,A-Line::7,A-Line/7-1.tif,0.11646765406354828,False,0.045300301431879797,True,False,-0.038326045987729374,,,-0.019907781044044615,True,False,0.012933525599894496,False,False
8,80,A-Line,A-Line::8,A-Line/8-1.tif,0.18123997913764311,False,0.043312380400722217,True,False,0.047307609168099285,,,-0.010672155370697212,True,False,-0.079947834198124401,True,False
9,90,A-Line,A-Line::9,A-Line/9-1.tif,0.075822572936756177,False,0.036679405071494892,True,False,0.0012318813968830722,,,-0.004329624076811589,True,False,-0.033581662391566625,True,False
10,100,Bermuda,Bermuda::1,Bermuda/1-1.tif,0.19250880931675404,False,0.072532244711914995,True,False,0.02372215994646204,,,-0.04234360929957881,True,False,-0.053910795358798197,True,False
11,110,Bermuda,Bermuda::10,Bermuda/10-1.tif,0.23800836259468267,True,0.083915399624169607,True,True,0.035088781673171643,,,-0.032733587050496615,True,False,-0.086270594246844801,True,True
12,120,Bermuda,Bermuda::2,Bermuda/2-1.tif,0.075109546164069896,False,0.021580251813438006,True,False,-0.018399446959582677,,,-0.019155326122452299,True,False,0.015974521268596914,False,False
13,130,Bermuda,Bermuda::3,Bermuda/3-1.tif,0.21830936278168372,False,0.077348273523656919,True,False,0.031806407867184971,,,-0.024792488442543337,True,False,-0.084362192948298498,True,False
14,140,Bermuda,Bermuda::4,Bermuda/4-1.tif,0.17549156525938087,True,0.059726653225461779,True,True,0.02801912940422846,,,-0.022217018548812806,True,True,-0.065528764080877822,True,True
15,150,Bermuda,Bermuda::5,Bermuda/5-1.tif,0.17149707071796932,True,0.068508464177071765,True,True,0.017240071181912897,,,-0.052219606976784572,True,True,-0.033528928382200091,True,False
16,160,Bermuda,Bermuda::6,Bermuda/6-1.tif,0.17514406482608758,True,-0.080960503486075308,False,False,0.031442400687053618,,,-0.0066115289269685351,True,False,0.056129631725990115,False,False
17,170,Bermuda,Bermuda::7,Bermuda/7-1.tif,0.082700074861319944,True,0.036272589178680037,True,True,-0.021927196838537222,,,-0.019422840592122681,True,False,0.0050774482519800046,False,False
18,180,Bermuda,Bermuda::8,Bermuda/8-1.tif,0.072819890546160476,False,0.0044231177859214155,True,False,-0.023187591516636186,,,-0.013222353756443983,True,False,0.031986827487158892,False,False
19,190,Bermuda,Bermuda::9,Bermuda/9-1.tif,0.12122229971779938,True,0.036421982904928402,True,False,-0.020974343243188975,,,-0.039636806615710618,True,True,0.024189166953971386,False,False
20,200,Blouse,Blouse::1,Blouse/1-1.tif,0.096242183577512908,True,0.04812109178875637,True,False,-0.0053335258784268369,,,-0.032677074634491904,True,False,-0.010110491275837796,True,False
21,210,Blouse,Blouse::10,Blouse/10-1.tif,0.027433096654441408,False,0.0070180332850416915,True,False,0.0043393498132517361,,,0.0023591652289272624,False,False,-0.013716548327220718,True,False
22,220,Blouse,Blouse::2,Blouse/2-1.tif,0.1314558782462163,False,0.059756614702215327,True,False,0.0059713244208928762,,,-0.0035773613900865198,True,False,-0.062150577733021586,True,False
23,230,Blouse,Blouse::3,Blouse/3-1.tif,0.13641918005338316,True,0.045309426090271915,True,True,0.022900163936419637,,,-0.036322050716415921,True,False,-0.031887539310275687,True,False
24,240,Blouse,Blouse::4,Blouse/4-1.tif,0.10358849338578299,False,-0.03010201742339691,False,False,-0.021692229269494601,,,0.013123340243904769,False,False,0.038670906448986714,False,False
25,250,Blouse,Blouse::5,Blouse/5-1.tif,0.047375583007933902,False,-0.0075104347222871015,False,False,-0.016177356781679808,,,0.00050706428380759005,False,False,0.023180727220159403,False,False
26,260,Blouse,Blouse::6,Blouse/6-1.tif,0.053185211909706459,False,0.021826923355706712,True,False,0.0018042815396294154,,,-0.026592605954853188,True,False,0.0029614010595171436,False,False
27,270,Blouse,Blouse::7,Blouse/7-1.tif,0.03847739232010125,False,-0.0010030544115751105,False,False,-0.010759496766289178,,,-0.0074761449821861836,True,False,0.019238696160050778,False,False
28,280,Blouse,Blouse::8,Blouse/8-1.tif,0.1481250313970261,True,0.069819104568003804,True,True,0.0042434111305093558,,,-0.038782038428775922,True,False,-0.035280477269737015,True,False
29,290,Blouse,Blouse::9,Blouse/9-1.tif,0.20463189552160402,False,0.075388626068988995,True,True,0.026927321691813,,,-0.043705566083587305,True,False,-0.058610381677214718,True,True
30,300,Cardigan,Cardigan::1,Cardigan/1-1.tif,0.1146005218217756,False,-0.031037644382713114,False,False,0.039673493210608313,,,-0.026262616528174576,True,False,0.0176267677002796,False,False
31,310,Cardigan,Cardigan::10,Cardigan/10-1.tif,0.12294179568980106,True,0.042048078515351417,True,True,0.019422819329549201,,,-0.01234781245498634,True,False,-0.049123085389914098,True,True
32,320,Cardigan,Cardigan::2,Cardigan/2-1.tif,0.19328069861157499,True,0.054171392816275393,True,True,0.042468956489511989,,,-0.023171114317736996,True,False,-0.073469234988050608,True,True
33,330,Cardigan,Cardigan::3,Cardigan/3-1.tif,0.082022969848711547,True,0.035111696721239399,True,True,0.0058997882031163185,,,-0.004190560359670914,True,False,-0.036820924564684915,True,False
34,340,Cardigan,Cardigan::4,Cardigan/4-1.tif,0.16109600490944279,True,0.054536889064334904,True,False,0.026011113390386698,,,-0.0083034006265870763,True,False,-0.072244601828134108,True,True
35,350,Cardigan,Cardigan::5,Cardigan/5-1.tif,0.08215825466087312,True,-0.019279062376881706,False,False,-0.021800064953554799,,,0.025280772142367403,False,False,0.015798355188069213,False,False
36,360,Cardigan,Cardigan::6,Cardigan/6-1.tif,0.25915400151253448,True,0.088361598885722592,True,True,0.041215401870544899,,,-0.024942584076571905,True,False,-0.10463441667969509,True,True
37,370,Cardigan,Cardigan::7,Cardigan/7-1.tif,0.21396224237121445,False,0.068554473702827384,True,True,0.038426647482779908,,,-0.030102502962996047,True,False,-0.076878618222611106,True,True
38,380,Cardigan,Cardigan::8,Cardigan/8-1.tif,0.16106108136142885,True,0.080530540680714607,True,True,-0.011362865405259659,,,-0.048536292727968472,True,True,-0.020631382547486116,True,False
39,390,Cardigan,Cardigan::9,Cardigan/9-1.tif,0.047202908659166987,False,-0.011347217459838077,False,False,-0.012254236869745139,,,0.015830590652626486,False,False,0.0077708636769572847,False,False
41,400,Circle,Circle::10,Circle/10_1.tif,0.078683484198801446,False,0.039341742099400778,True,False,-0.0019610092278142255,,,-0.035364084839215826,True,True,-0.002016648032370616,True,False
40,410,Circle,Circle::1,Circle/1_1.tif,0.15101704223170645,True,0.061406725962336983,True,True,0.014101795153516117,,,-0.027992278846571628,True,True,-0.047516242269281722,True,False
42,420,Circle,Circle::2,Circle/2_1.tif,0.11984965136985812,True,0.029128325833029434,True,False,-0.014820959276660384,,,-0.0451038664082688,True,True,0.0307964998518995,False,False
43,430,Circle,Circle::3,Circle/3_1.tif,0.24966081821798064,True,0.089445324433845008,True,True,0.03538508467514534,,,-0.041531358030610588,True,True,-0.083299051078379691,True,True
44,440,Circle,Circle::4,Circle/4_1.tif,0.1085674568795412,False,0.029086866773287923,True,False,-0.029089105620414279,,,-0.025194622819356194,True,True,0.0251968616664828,False,False
45,450,Circle,Circle::5,Circle/5_1.tif,0.066464320526292031,False,0.025968738917243911,True,False,-0.012006535898889614,,,0.0072634213459022989,False,False,-0.021225624364256207,True,False
46,460,Circle,Circle::6,Circle/6_1.tif,0.087540678726558435,False,0.037727610901636593,True,False,0.0060427284616424992,,,-0.019874229023391143,True,False,-0.023896110339888199,True,False
47,470,Circle,Circle::7,Circle/7_1.tif,0.21395515836920934,False,0.049172198676937923,True,False,0.057805380507666815,,,-0.034027067842411718,True,False,-0.072950511342192881,True,False
48,480,Circle,Circle::8,Circle/8_1.tif,0.062553660184791637,False,0.031238723349252012,True,False,-0.015148564099853601,,,3.8106743143806465e-05,False,False,-0.016128265992542218,True,False
49,490,Circle,Circle::9,Circle/9_1.tif,0.0606811082106474,False,0.0041885606584637913,True,False,-0.030340554105323714,,,0.010167736209112488,False,False,0.015984257237747407,False,False
50,500,Dress,Dress::1,Dress/1-3.tif,0.32592082242718312,True,0.12115247831807463,True,True,0.041807932895517014,,,-0.037033519607893334,True,False,-0.12592689160569812,True,True
51,502,Dress,Dress::10,Dress/10_1.tif,0.3029293928762799,True,0.15146469643813992,True,True,-0.0060911730911532014,,,-0.064167393050578392,True,True,-0.081206130296408399,True,True
52,520,Dress,Dress::2,Dress/2_1.tif,0.32170764880802444,True,0.1608538244040123,True,True,-0.011990059270303832,,,-0.060677009482236588,True,False,-0.088186755651471702,True,False
53,530,Dress,Dress::3,Dress/3_1.tif,0.12253044593338802,False,0.061265222966694066,True,False,-0.0078784844723704395,,,-0.030531676241693118,True,False,-0.022855062252630398,True,False
54,540,Dress,Dress::4,Dress/4_1.tif,0.22705161468432031,True,0.11352580734216011,True,True,-0.030270914607256394,,,-0.026346658897353992,True,True,-0.05690823383754981,True,False
55,550,Dress,Dress::5,Dress/5_1.tif,0.28537515403477509,False,0.069779009368432621,True,True,0.072908567648954981,,,-0.036188909667897007,True,True,-0.10649866734949051,True,False
56,560,Dress,Dress::6,Dress/6_1.tif,0.22625062327440551,True,0.10379482543387622,True,True,0.0093304862033264935,,,-0.056789322844024714,True,True,-0.056335988793178082,True,True
57,570,Dress,Dress::7,Dress/7_1.tif,0.39888891427687367,False,0.13599606965815142,True,False,0.063448387480285612,,,-0.080604384813609403,True,False,-0.11884007232482721,True,False
58,580,Dress,Dress::8,Dress/8_1.tif,0.47999088766624837,True,0.21677425041269327,True,True,0.023221193420430997,,,-0.13017302164643302,True,True,-0.1098224221866911,True,True
59,590,Dress,Dress::9,Dress/9_1.tif,0.15834875370923154,False,0.079174376854615702,True,False,-0.012170090319329724,,,-0.011569838627630308,True,False,-0.055434447907655809,True,False
61,600,Flare,Flare::10,Flare/10_1.tif,0.25441012292606302,False,0.095644518214159091,True,True,0.031560543248872308,,,-0.03007170979389262,True,False,-0.097133351669139001,True,False
60,610,Flare,Flare::1,Flare/1_1.tif,0.40834174853891048,True,0.17856302756861764,True,True,0.0256078467008376,,,-0.1058614172167191,True,True,-0.09830945705273611,True,True
62,620,Flare,Flare::2,Flare/2_1.tif,0.19930098355065579,False,0.029991151908639491,True,False,0.069659339866688513,,,-0.016661471560436597,True,False,-0.082989020214891185,True,False
63,630,Flare,Flare::3,Flare/3_1.tif,0.030565827706314164,False,-0.012040936830548965,False,False,0.009955674184515817,,,0.0053272396686411816,False,False,-0.0032419770226082001,True,False
64,640,Flare,Flare::4,Flare/4_1.tif,0.31663334779554964,True,0.1279610334965558,True,True,0.030355640401218908,,,-0.055590653139620722,True,True,-0.10272602075815418,True,True
65,650,Flare,Flare::5,Flare/5_1.tif,0.22904727339107595,True,0.10370156956461607,True,True,0.010822067130921875,,,-0.0460948487944777,True,True,-0.068428787901060301,True,True
66,660,Flare,Flare::6,Flare/6_1.tif,0.10000883545854178,False,0.023664337573507582,True,False,0.026340080155763279,,,-0.044301322525932607,True,True,-0.0057030952033383098,True,False
67,670,Flare,Flare::7,Flare/7-2.tif,0.13252733180107532,False,0.066263665900537616,True,False,-0.0066326079159453044,,,-0.014017985359734586,True,False,-0.045613072624857809,True,False
68,680,Flare,Flare::8,Flare/8_1.tif,0.22703038493333291,True,0.1135151924666663,True,True,-0.018959101806565515,,,-0.031757704877394793,True,False,-0.062798385782706301,True,True
69,690,Flare,Flare::9,Flare/9-7.tif,0.12187350343749637,True,0.030430148544952296,True,False,0.030506603173795999,,,-0.027846950202357779,True,False,-0.033089801516390294,True,True
70,700,Harem,Harem::1,Harem/1-1.tif,0.3813182760367001,True,0.098534020703173186,True,True,0.092125117315176808,,,-0.056441545804545412,True,True,-0.13421759221380469,True,True
71,710,Harem,Harem::10,Harem/10-1.tif,0.24092347467009761,False,0.060119530705211394,True,False,0.060342206629837414,,,-0.034575250938627011,True,False,-0.085886486396421796,True,False
72,720,Harem,Harem::2,Harem/2-1.tif,0.20112308885075053,True,0.06058096970568902,True,True,0.039980574719686413,,,-0.054963073860617301,True,True,-0.045598470564757798,True,True
73,729,Harem,Harem::3,Harem/3-1.tif,0.050464548662993075,False,0.017325199218113596,True,False,-0.021056159496383064,,,0.0079070751133830108,False,False,-0.0041761148351134036,True,False
74,739,Harem,Harem::4,Harem/4-1.tif,0.23848999296800916,True,0.1192449964840045,True,True,-0.042687642307694784,,,-0.051288806573890178,True,True,-0.025268547602419714,True,True
75,749,Harem,Harem::5,Harem/5-1.tif,0.48427026714105476,True,0.24213513357052735,True,True,-0.04007345288986297,,,-0.10274457269772438,True,True,-0.099317107982940092,True,True
76,759,Harem,Harem::6,Harem/6-1.tif,0.058646586601565798,False,0.019368871696087309,True,False,0.0099544216046956735,,,-0.015361034937038109,True,False,-0.013962258363744706,True,False
77,770,Harem,Harem::7,Harem/7-1.tif,0.21191669736748439,True,0.1059583486837421,True,True,-0.026746034041215783,,,-0.021474101801200102,True,False,-0.057738212841326408,True,False
78,780,Harem,Harem::8,Harem/8-1.tif,0.1751322351495089,False,0.0075505557494519038,True,False,0.080015561825302506,,,-0.02260953932503329,True,False,-0.064956578249721203,True,False
79,790,Harem,Harem::9,Harem/9-1.tif,0.12279498217149257,True,0.050254245183955409,True,True,0.011143245901790888,,,-0.042383712580184973,True,True,-0.019013778505561296,True,False
80,800,Hoodie,Hoodie::1,Hoodie/1-1.tif,0.086141916456487333,True,0.031012509179231706,True,False,-0.027215262888502012,,,0.012058449049012099,False,False,-0.015855695339741516,True,False
81,810,Hoodie,Hoodie::10,Hoodie/10-1.tif,0.045892253283902423,False,0.012300658359385042,True,False,0.0034514341711411878,,,-0.022946126641951198,True,True,0.0071940341114249962,False,False
82,820,Hoodie,Hoodie::2,Hoodie/2-1.tif,0.047819820111780931,False,0.017855435728290209,True,False,-0.0027451553434058029,,,-0.021164754712484635,True,False,0.0060544743276002844,False,False
83,830,Hoodie,Hoodie::3,Hoodie/3-1.tif,0.16428297265151737,True,0.075207002800556283,True,True,0.0069344835252024839,,,-0.024177414832969091,True,False,-0.05796407149278951,True,False
84,840,Hoodie,Hoodie::4,Hoodie/4-1.tif,0.24249868032723013,True,0.083632377979483224,True,True,0.037616962184131797,,,-0.013329555461110698,True,False,-0.10791978470250441,True,True
85,850,Hoodie,Hoodie::5,Hoodie/5-1.tif,0.2103593321976793,True,0.042885712978494112,True,False,0.062293953120345691,,,-0.026753844511789387,True,False,-0.07842582158705011,True,True
86,860,Hoodie,Hoodie::6,Hoodie/6-1.tif,0.24556678400670698,True,0.08227708333147371,True,True,0.040506308671879987,,,-0.054736842566769278,True,True,-0.068046549436584003,True,True
87,870,Hoodie,Hoodie::7,Hoodie/7-1.tif,0.18640200118943812,True,0.070028238816911864,True,True,0.023172761777807194,,,-0.053131043405041462,True,True,-0.040069957189677596,True,True
88,880,Hoodie,Hoodie::8,Hoodie/8-1.tif,0.15151248461405109,True,0.063272333158297778,True,True,0.012483909148727712,,,-0.01468218056453241,True,False,-0.061074061742493191,True,True
89,890,Hoodie,Hoodie::9,Hoodie/9-1.tif,0.10166360963922189,False,0.050831804819610887,True,False,-0.0012706005541129883,,,-0.024660318361014399,True,False,-0.024900885904483611,True,False
90,900,Jacket,Jacket::1,Jacket/1-1.tif,0.12757271062980707,True,0.048206718160397205,True,True,0.015579637154506387,,,-0.0124314911580099,True,False,-0.051354864156893582,True,False
91,910,Jacket,Jacket::10,Jacket/10-1.tif,0.10916655032689845,False,0.054583275163449296,True,True,-0.0082932036535637299,,,-0.024310880420194914,True,False,-0.021979191089690514,True,False
92,920,Jacket,Jacket::2,Jacket/2-1.tif,0.064415753399947956,False,0.031502641540405413,True,True,-0.0042171756469693289,,,0.00070523515956849581,False,False,-0.027990701053004718,True,False
93,930,Jacket,Jacket::3,Jacket/3-1.tif,0.065480507660802406,True,0.02735792555978922,True,True,-0.0037485601503844945,,,0.0053823282706121911,False,False,-0.0289916936800165,True,True
94,940,Jacket,Jacket::4,Jacket/4-1.tif,0.094585443880108755,True,0.047292721940054433,True,True,-0.00041617617976502652,,,-0.026021223263875903,True,True,-0.020855322496413392,True,False
95,950,Jacket,Jacket::5,Jacket/5-1.tif,0.12499183136551693,False,0.038262830736590703,True,False,0.024233084946167716,,,-0.015226871595664299,True,False,-0.047269044087094217,True,False
96,960,Jacket,Jacket::6,Jacket/6-1.tif,0.11021837376901333,True,0.047215266520676619,True,False,0.0078939203638299094,,,-0.038067860452573432,True,True,-0.017041326431933373,True,False
97,970,Jacket,Jacket::7,Jacket/7-1.tif,0.10317232756210537,False,0.045207012707165511,True,False,0.0063791510738870905,,,-0.017499428397611871,True,False,-0.034086735383440897,True,False
98,980,Jacket,Jacket::8,Jacket/8-1.tif,0.10554637220652352,True,0.046781101922241303,True,True,0.0059920841810205405,,,-0.0061492928529406909,True,False,-0.046623893250320986,True,True
99,990,Jacket,Jacket::9,Jacket/9-1.tif,0.095539359248754757,False,0.043449545937649769,True,False,0.0043201336867275675,,,-0.023873928527063409,True,False,-0.023895751097314011,True,False
100,1000,Jumpsuit,Jumpsuit::1,Jumpsuit/1-10.tif,0.34549752514889087,True,0.17274876257444538,True,True,-0.028548601017388403,,,-0.093258412506879024,True,True,-0.050941749050178092,True,True
101,1001,Jumpsuit,Jumpsuit::10,Jumpsuit/10-10.tif,0.44671732623801053,True,0.2233586631190054,True,True,-0.006991397542003619,,,-0.10683963119055598,True,True,-0.1095276343864455,True,True
102,1020,Jumpsuit,Jumpsuit::2,Jumpsuit/2_1.tif,0.35833121646011312,True,0.1204873068051725,True,False,0.058678301424884088,,,-0.051682342037607992,True,True,-0.12748326619244851,True,True
103,1029,Jumpsuit,Jumpsuit::3,Jumpsuit/3_1.tif,0.21494092349334151,False,0.064217308611717705,True,False,0.041532595138649125,,,0.0017205579963040785,False,False,-0.1074704617466706,True,False
104,1039,Jumpsuit,Jumpsuit::4,Jumpsuit/4_1.tif,0.070417792149745556,False,0.021825563191662178,True,False,0.0087036943378879794,,,-0.035208896074872709,True,False,0.0046796385453226896,False,False
105,1049,Jumpsuit,Jumpsuit::5,Jumpsuit/5_1.tif,0.2352204554553019,True,0.11231100668079139,True,True,0.0052992210468595924,,,-0.049841132267863936,True,False,-0.067769095459786988,True,True
106,1059,Jumpsuit,Jumpsuit::6,Jumpsuit/6_1.tif,0.16302092503119184,False,0.081510462515595988,True,False,-0.0010587642433148581,,,-0.045548396074571701,True,False,-0.034903302197709291,True,False
107,1070,Jumpsuit,Jumpsuit::7,Jumpsuit/7_1.tif,0.26609925917133426,True,0.1330496295856671,True,True,-0.018251802774565284,,,-0.056983370119222998,True,True,-0.057814456691878902,True,True
108,1080,Jumpsuit,Jumpsuit::8,Jumpsuit/8-10.tif,0.32605220378930033,True,0.10347628214451049,True,False,0.059549819750139787,,,-0.10625283822186651,True,True,-0.056773263672783597,True,False
109,1090,Jumpsuit,Jumpsuit::9,Jumpsuit/9-10.tif,0.42161045044897477,True,0.2108052252244873,True,True,-0.030540882481116,,,-0.052282936350240117,True,False,-0.12798140639313133,True,True
111,1100,Mermaid,Mermaid::10,Mermaid/10_1.tif,0.10139962522721238,False,0.00091604090931199367,True,False,0.049783771704294211,,,-0.012582600165024993,True,False,-0.038117212448581184,True,False
110,1110,Mermaid,Mermaid::1,Mermaid/1_1.tif,0.50229777548720689,True,0.22318079066725349,True,True,0.027968097076350118,,,-0.11665376854728218,True,True,-0.13449511919632112,True,True
112,1120,Mermaid,Mermaid::2,Mermaid/2_1.tif,0.31641564798401706,True,0.087676786672335999,True,True,0.070531037319672474,,,-0.063744887764886293,True,True,-0.094462936227122291,True,True
113,1130,Mermaid,Mermaid::3,Mermaid/3_1.tif,0.26634178164297628,True,0.059233418198712973,True,False,0.073937472622775002,,,-0.048078730435542227,True,True,-0.085092160385946095,True,False
114,1140,Mermaid,Mermaid::4,Mermaid/4_1.tif,0.29831941301862053,True,0.073602065798601402,True,False,0.075557640710709029,,,-0.0042451753708504236,True,False,-0.1449145311384597,True,True
115,1150,Mermaid,Mermaid::5,Mermaid/5_1.tif,0.37468570565880532,False,0.12139886679109552,True,False,0.065943986038307117,,,-0.044481355685744489,True,False,-0.14286149714365823,True,False
116,1160,Mermaid,Mermaid::6,Mermaid/6_1.tif,0.20704042538239381,True,0.098813271273208103,True,True,0.0047069414179887192,,,-0.036441340872024469,True,True,-0.067078871819172506,True,True
117,1170,Mermaid,Mermaid::7,Mermaid/7_1.tif,0.22133581852970841,False,0.06151851898104882,True,False,0.049149390283805494,,,-0.055805109517064577,True,False,-0.054862799747789515,True,False
118,1180,Mermaid,Mermaid::8,Mermaid/8_1.tif,0.14025378639147446,False,0.062188150008593401,True,False,0.0079387431871438818,,,-0.033339588062544584,True,False,-0.036787305133192588,True,False
119,1190,Mermaid,Mermaid::9,Mermaid/9_1.tif,0.15816308758072439,False,0.029169110440464302,True,False,0.049912433349897894,,,-0.044599570616705109,True,False,-0.034481973173657088,True,False
121,1200,Mini,Mini::10,Mini/10_1.tif,0.052446803612360093,False,0.023249933412649498,True,False,0.0029734683935307982,,,-0.02320422770635111,True,True,-0.0030191740998286865,True,False
120,1210,Mini,Mini::1,Mini/1_1.tif,0.11601501566155523,True,0.047203782941976913,True,True,0.010803724888800825,,,-0.020506717729170093,True,False,-0.037500790101607395,True,False
122,1220,Mini,Mini::2,Mini/2_1.tif,0.19202533170899155,True,0.068523422633455594,True,True,0.027489243221040294,,,-0.017695712866901192,True,False,-0.078316952987594474,True,True
123,1230,Mini,Mini::3,Mini/3_1.tif,0.130059379535331,False,0.032596910605625806,True,False,0.013072824631564284,,,0.019359954530475509,False,False,-0.065029689767665405,True,False
124,1240,Mini,Mini::4,Mini/4_1.tif,0.048462215281838833,False,0.0040191684405204986,True,False,0.020211939200398821,,,-0.020195744461092013,True,False,-0.0040353631798275003,True,False
125,1250,Mini,Mini::5,Mini/5_1.tif,0.16506994824992333,True,0.06794107508677702,True,True,0.014593899038184699,,,-0.017046952589807707,True,False,-0.065488021535153901,True,True
126,1260,Mini,Mini::6,Mini/6_1.tif,0.25604470601712176,True,0.085573406728704615,True,True,0.042448946279856237,,,-0.038087965749756092,True,True,-0.089934387258804815,True,True
127,1270,Mini,Mini::7,Mini/7_1.tif,0.11688365578130711,False,-0.0084991111552374099,False,False,-0.04076575603909427,,,-0.0091769606963220118,True,False,0.058441827890653414,False,False
128,1280,Mini,Mini::8,Mini/8_1.tif,0.21675210017514002,False,0.083670412509468717,True,False,0.024705637578101292,,,-0.043234670550521714,True,False,-0.065141379537048294,True,False
129,1290,Mini,Mini::9,Mini/9_1.tif,0.14222562717727247,False,-0.010574219393798795,False,False,0.068373172730321508,,,0.002739640858314768,False,False,-0.060538594194837397,True,False
130,1300,Pencil,Pencil::1,Pencil/1-1.tif,0.35292213606472056,True,0.11881371256920017,True,False,0.057647355463160105,,,-0.098772982394616488,True,False,-0.077688085637743792,True,True
131,1310,Pencil,Pencil::10,Pencil/10-1.tif,0.31091757284357724,True,0.12079543377956126,True,False,0.034663352642227502,,,-0.10892637145723658,True,True,-0.046532414964551905,True,False
132,1320,Pencil,Pencil::2,Pencil/2-1.tif,0.36879417212288612,True,0.106204946997393,True,True,0.078192139064050203,,,-0.070285598896666496,True,True,-0.1141114871647764,True,True
133,1330,Pencil,Pencil::3,Pencil/3-1.tif,0.30172321382457468,True,0.14768620017425887,True,True,0.0031754067380284079,,,-0.058413967769970099,True,False,-0.092447639142317295,True,True
134,1340,Pencil,Pencil::4,Pencil/4-1.tif,0.19088253945916411,False,0.079110539853465223,True,False,0.016330729876116806,,,-0.034220657501441987,True,False,-0.061220612228140098,True,False
135,1350,Pencil,Pencil::5,Pencil/5-1.tif,0.35044352444117366,True,0.17522176222058669,True,True,-0.032417683186008711,,,-0.068927703053502432,True,True,-0.073876375981075798,True,True
136,1360,Pencil,Pencil::6,Pencil/6-1.tif,0.26795739601304558,True,0.13165095586749881,True,True,0.0023277421390239805,,,-0.02576306065308398,True,False,-0.10821563735343881,True,True
137,1370,Pencil,Pencil::7,Pencil/7-1.tif,0.19501111477921326,True,0.067375678102601116,True,False,0.030129879287005668,,,-0.056741824342876584,True,True,-0.040763733046729894,True,False
138,1380,Pencil,Pencil::8,Pencil/8-1.tif,0.37880768992217612,True,0.17701657876502991,True,True,0.012387266196058178,,,-0.10367903359564931,True,True,-0.085724811365438705,True,True
139,1390,Pencil,Pencil::9,Pencil/9-1.tif,0.31886764933313727,True,0.15943382466656864,True,True,-0.016099835747523161,,,-0.06192300242228499,True,True,-0.081410986496760485,True,True
141,1400,Sarong,Sarong::10,Sarong/10_1.tif,0.14781625879266047,False,0.030365932526979111,True,False,0.04354219686935118,,,-0.041416391664357871,True,False,-0.032491737731972309,True,False
140,1410,Sarong,Sarong::1,Sarong/1_1.tif,0.11866295063507459,False,0.033169416410275876,True,False,0.026162058907261504,,,-0.022125643563500108,True,False,-0.037205831754037105,True,False
142,1420,Sarong,Sarong::2,Sarong/2_1.tif,0.20050939093158737,True,0.085863951973711994,True,True,0.014390743492081665,,,-0.018944540881832533,True,False,-0.081310154583961181,True,True
143,1430,Sarong,Sarong::3,Sarong/3_1.tif,0.21765148858132993,False,0.10852598664156782,True,False,0.00029975764909700997,,,-0.039455599059162905,True,False,-0.0693701452315022,True,False
144,1440,Sarong,Sarong::4,Sarong/4_1.tif,0.27989069605414879,False,0.052431097981583685,True,False,0.087514250045490571,,,-0.017400145452921623,True,False,-0.1225452025741529,True,False
145,1450,Sarong,Sarong::5,Sarong/5+8.tif,0.37910961925940667,True,0.15528290869432565,True,True,0.034271900935377714,,,-0.088843801896716784,True,True,-0.10071100773298651,True,True
146,1460,Sarong,Sarong::6,Sarong/6_1.tif,0.26584326808165293,False,0.039191881117268318,True,False,0.093729752923558063,,,-0.054524363159026423,True,False,-0.07839727088180011,True,False
147,1470,Sarong,Sarong::7,Sarong/7_1.tif,0.38326147263862326,True,0.17011664379883207,True,True,0.021514092520479394,,,-0.063127137179214504,True,True,-0.12850359914009729,True,True
148,1480,Sarong,Sarong::8,Sarong/8_1.tif,0.27234352132438067,True,0.13617176066219022,True,True,-0.026564457283476534,,,-0.045042228262810791,True,True,-0.064565075115903106,True,True
149,1490,Sarong,Sarong::9,Sarong/9_1.tif,0.3880800292011416,True,0.19404001460057069,True,True,-0.021725735396868118,,,-0.081242088575237292,True,True,-0.091072190628465499,True,False
151,1500,Shirt,Shirt::10,Shirt/10_1.tif,0.21359186228199256,True,0.069357559674998293,True,True,0.037438371465998099,,,-0.029281854170116584,True,True,-0.0775140769708796,True,True
150,1510,Shirt,Shirt::1,Shirt/1_1.tif,0.15262221321692263,False,-0.010725038352665611,False,False,-0.055063856168867609,,,-0.010522212086928107,True,False,0.076311106608461299,False,False
152,1520,Shirt,Shirt::2,Shirt/2_1.tif,0.14243083068181978,True,0.05819949758853929,True,True,0.013015917752370709,,,-0.021724974999957569,True,False,-0.049490440340952208,True,True
153,1530,Shirt,Shirt::3,Shirt/3-10.tif,0.23175988671928222,True,0.081653812511156026,True,True,0.034226130848485192,,,-0.029043774023684688,True,True,-0.086836169335956295,True,False
154,1540,Shirt,Shirt::4,Shirt/4_1.tif,0.31358753409328755,False,0.040741973013639576,True,False,0.1160517940330042,,,-0.051200795900172708,True,True,-0.10559297114647109,True,False
155,1550,Shirt,Shirt::5,Shirt/5_1.tif,0.21890927066017207,True,0.062419353370929298,True,True,0.047035281959156683,,,-0.044847864716940189,True,True,-0.064606770613145903,True,False
156,1560,Shirt,Shirt::6,Shirt/6_1.tif,0.23449098362227752,True,0.059671752342146389,True,False,0.057573739468992302,,,-0.021132500076584015,True,False,-0.096112991734554815,True,True
157,1570,Shirt,Shirt::7,Shirt/7_1.tif,0.25726476501677431,True,0.075849558400624573,True,True,0.052782824107762416,,,-0.03047370792791293,True,False,-0.098158674580474392,True,True
158,1580,Shirt,Shirt::8,Shirt/8_1.tif,0.20531482980306201,True,0.071045059690126422,True,True,0.031612355211404652,,,-0.031832821432360436,True,True,-0.070824593469170499,True,True
159,1590,Shirt,Shirt::9,Shirt/9_1.tif,0.15418886713064778,False,0.037551915810160014,True,False,-0.057701193595822153,,,-0.019393239969501819,True,False,0.039542517755163792,False,False
160,1600,Skinny,Skinny::1,Skinny/1-1.tif,0.22227100117998805,True,0.11113550058999408,True,True,-0.0053501101453755084,,,-0.023864652419003762,True,False,-0.081920738025614698,True,True
161,1610,Skinny,Skinny::10,Skinny/10-1.tif,0.48480231419170022,True,0.24240115709585008,True,True,-0.0063593995718410901,,,-0.11652384983247913,True,True,-0.11951790769152991,True,True
162,1620,Skinny,Skinny::2,Skinny/2-1.tif,0.079768248387617952,False,0.036519861642769075,True,True,-0.0013124386665095966,,,0.0033642625510398871,False,False,-0.038571685527299393,True,False
163,1630,Skinny,Skinny::3,Skinny/3-1.tif,0.16124202374999438,False,0.063561140232299307,True,False,-0.0096397045285225857,,,0.017059871642697982,False,False,-0.070981307346474509,True,False
164,1640,Skinny,Skinny::4,Skinny/4-1.tif,0.3829516611711965,True,0.19147583058559842,True,True,-0.035503255472254108,,,-0.079364798805999531,True,True,-0.076607776307344416,True,True
165,1650,Skinny,Skinny::5,Skinny/5-1.tif,0.29706103907031761,True,0.14853051953515892,True,True,-0.043847850955563594,,,-0.048813232756624109,True,True,-0.055869435822970992,True,True
166,1660,Skinny,Skinny::6,Skinny/6-1.tif,0.27756729909587807,True,0.12979051010384868,True,True,0.0089931394440904144,,,-0.056858687561859411,True,True,-0.081924961986079597,True,True
167,1670,Skinny,Skinny::7,Skinny/7-1.tif,0.15578112710991454,True,0.077890563554957215,True,False,-0.0095649336545252095,,,-0.038301780346960218,True,False,-0.030023849553471899,True,False
168,1680,Skinny,Skinny::8,Skinny/8-1.tif,0.38391838364607533,True,0.19195919182303772,True,True,-0.021615205455218195,,,-0.07487375651578429,True,True,-0.095470229852035099,True,True
169,1690,Skinny,Skinny::9,Skinny/9-1.tif,0.44196050178535679,True,0.22098025089267836,True,True,-0.01067725048041851,,,-0.12126989466932503,True,True,-0.089033105742934882,True,True
170,1700,Straight,Straight::1,Straight/1-1.tif,0.29960820041166414,False,0.1084897093293859,True,False,0.041314390876446005,,,-0.037291030190950231,True,False,-0.11251307001488201,True,False
171,1710,Straight,Straight::10,Straight/10-1.tif,0.16010963212522622,True,0.066876481308069891,True,False,0.013178334754543386,,,-0.018189414048142949,True,False,-0.061865402014469995,True,False
172,1720,Straight,Straight::2,Straight/2-1.tif,0.21799308348288457,True,0.1089965417414423,True,True,-0.011552430964813065,,,-0.029204583157424191,True,False,-0.068239527619205015,True,True
173,1730,Straight,Straight::3,Straight/3-1.tif,0.1172642529332598,False,0.037150777694813619,True,False,0.0214813487718164,,,-0.018445939171579689,True,False,-0.040186187295050094,True,False
174,1740,Straight,Straight::4,Straight/4-1.tif,0.092202845354755952,True,0.00084564662258868051,True,False,0.045255776054789087,,,-0.03951403111416199,True,True,-0.0065873915632161939,True,False
175,1750,Straight,Straight::5,Straight/5-1.tif,0.42931285982280531,True,0.21465642991140277,True,True,-0.039349785646727614,,,-0.095482430452106609,True,True,-0.079824213812568295,True,True
176,1760,Straight,Straight::6,Straight/6-1.tif,0.22102769958813498,True,0.032709104869591193,True,True,0.077804744924476199,,,-0.045562063206425196,True,True,-0.064951786587642391,True,True
177,1770,Straight,Straight::7,Straight/7-1.tif,0.31822144293301846,True,0.15751444284031318,True,True,0.0015962786261959905,,,-0.090754317192766693,True,True,-0.068356404273742594,True,False
178,1780,Straight,Straight::8,Straight/8-1.tif,0.19327937340413615,True,0.088324921885767682,True,True,0.0083147648163002796,,,-0.037320134099153079,True,True,-0.059319552602915104,True,True
179,1790,Straight,Straight::9,Straight/9-1.tif,0.14844621955712331,True,0.074223109778561502,True,True,-0.0085976672387357012,,,-0.028552641688192104,True,True,-0.037072800851634002,True,True
180,1800,Suit,Suit::1,Suit/1-1.tif,0.12455118387234496,True,0.041685590444678011,True,True,0.020590001491494425,,,-0.016699842969136902,True,False,-0.045575748967035618,True,True
181,1810,Suit,Suit::10,Suit/10-1.tif,0.061168591437672143,False,-0.0052687772067525063,False,False,-0.0042154142545978157,,,-0.021100104257485819,True,True,0.030584295718836002,False,False
182,1820,Suit,Suit::2,Suit/2-1.tif,0.3156871639697727,True,0.10519105704747977,True,True,0.052652524937406575,,,-0.035956018234580028,True,True,-0.12188756375030632,True,False
183,1830,Suit,Suit::3,Suit/3-1.tif,0.074870650389360666,True,0.0057657448277657064,True,False,0.031669580366914696,,,-0.034845696943637372,True,True,-0.0025896282510428914,True,False
184,1840,Suit,Suit::4,Suit/4-1.tif,0.32937913203565339,True,0.10444113023066381,True,True,0.060248435787162991,,,-0.049257753104836793,True,True,-0.1154318129129898,True,True
185,1850,Suit,Suit::5,Suit/5-1.tif,0.33744856248364874,True,0.073175334656100099,True,True,0.095548946585724548,,,-0.056882921151732768,True,True,-0.1118413600900913,True,True
186,1860,Suit,Suit::6,Suit/6-1.tif,0.1294621715540209,False,0.014731387631527482,True,False,0.049999698145482774,,,-0.046377143455448439,True,False,-0.018353942321562206,True,False
187,1870,Suit,Suit::7,Suit/7-1.tif,0.16594463008181232,True,0.053834551457903501,True,True,0.029137763583002629,,,-0.056253423215590376,True,True,-0.02671889182531581,True,False
188,1880,Suit,Suit::8,Suit/8-1.tif,0.30801461947414527,True,0.075314540067196595,True,True,0.078692769669875984,,,-0.054545015654503065,True,True,-0.099462294082569611,True,True
189,1890,Suit,Suit::9,Suit/9-1.tif,0.1324026313128053,False,0.048101806335809516,True,False,0.018099509320593121,,,-0.011795536323678579,True,False,-0.054405779332724086,True,False
191,1900,T-shirt,T-shirt::10,T-shirt/10_1.tif,0.10107481894558457,False,0.0017149821635311091,True,False,-0.04454667165869769,,,-0.0059907378140946488,True,False,0.048822427309261118,False,False
190,1910,T-shirt,T-shirt::1,T-shirt/1_1.tif,0.19551388831646926,False,0.076616258366417778,True,True,0.021140685791816993,,,-0.033435080928856498,True,True,-0.064321863229377996,True,False
192,1920,T-shirt,T-shirt::2,T-shirt/2_1.tif,0.13724286022422,False,0.063735944264145111,True,True,0.0048854858479647767,,,-0.045511578233650707,True,True,-0.023109851878459403,True,False
193,1930,T-shirt,T-shirt::3,T-shirt/3-10.tif,0.11527466638746384,True,0.036337603880665509,True,True,0.02129972931306634,,,-0.025600770456405686,True,False,-0.032036562737326302,True,False
194,1940,T-shirt,T-shirt::4,T-shirt/4_1.tif,0.14364759664154095,True,0.063765440222019076,True,True,0.0080583580987514947,,,-0.025766800878543383,True,True,-0.046056997442226993,True,False
195,1950,T-shirt,T-shirt::5,T-shirt/5_1.tif,0.14023937062695127,False,0.030789212313429293,True,False,0.039330473000046384,,,-0.069052011068880592,True,True,-0.0010676742445950016,True,False
196,1960,T-shirt,T-shirt::6,T-shirt/6_1.tif,0.04787058028349947,False,0.01844627868054341,True,False,-0.014405009760948606,,,0.00548901146120645,False,False,-0.0095302803808010039,True,False
197,1970,T-shirt,T-shirt::7,T-shirt/7_1.tif,0.064917780385116447,False,0.032458890192558182,True,False,-0.0071400501461341692,,,-0.012848461230187291,True,False,-0.012470378816236805,True,False
198,1980,T-shirt,T-shirt::8,T-shirt/8_1.tif,0.066339622848475333,False,0.033169811424237805,True,False,-0.001092522221247505,,,-0.0079057768424831143,True,False,-0.024171512360506908,True,False
199,1990,T-shirt,T-shirt::9,T-shirt/9_1.tif,0.13291333066629402,False,-0.010965110317173482,False,False,-0.055491555015973526,,,0.02012964767398201,False,False,0.046327017659164998,False,False
201,2000,Tunic,Tunic::10,Tunic/10_1.tif,0.17345376022394637,False,0.042770653154945465,True,False,0.043956226957027611,,,-0.034803415983067992,True,True,-0.051923464128905306,True,False
200,2010,Tunic,Tunic::1,Tunic/1_1.tif,0.10511830695886551,True,0.0031707180021525172,True,False,-0.052559153479432796,,,0.040887152106203389,False,False,0.0085012833710768065,False,False
202,2020,Tunic,Tunic::2,Tunic/2_1.tif,0.063327754659623064,False,-0.018471940375195811,False,False,0.023940239830811894,,,-0.013191936954615735,True,False,0.0077236374989996248,False,False
203,2030,Tunic,Tunic::3,Tunic/3_1.tif,0.2037573867998736,True,0.10187869339993691,True,True,-0.033935547195796889,,,-0.032493687681053096,True,True,-0.035449458523086702,True,True
204,2040,Tunic,Tunic::4,Tunic/4_1.tif,0.26204618655501727,True,0.055582175688273033,True,True,0.075440917589235712,,,-0.026470183482094928,True,False,-0.1045529097954136,True,True
205,2050,Tunic,Tunic::5,Tunic/5_1.tif,0.10554899571651247,False,0.0015149341726685972,True,False,0.05125956368558765,,,-0.025985279985272114,True,False,-0.026789217872984106,True,False
206,2060,Tunic,Tunic::6,Tunic/6_1.tif,0.078237834115643251,False,-0.024053061312161506,False,False,0.039068490922470944,,,-0.015065855745660189,True,False,5.0426135350611911e-05,False,False
207,2070,Tunic,Tunic::7,Tunic/7_1.tif,0.072715064114127592,False,-0.0054346114497414999,False,False,-0.030922920607322213,,,0.0082100963290094864,False,False,0.028147435728054393,False,False
208,2080,Tunic,Tunic::8,Tunic/8_1.tif,0.33547075966412931,False,0.11256044588814823,True,False,0.05517493394391651,,,-0.0088087424587439955,True,False,-0.15892663737332061,True,False
209,2090,Tunic,Tunic::9,Tunic/9_1.tif,0.23496682164250382,True,0.060611372201728603,True,True,0.056872038619523391,,,-0.054458232741544627,True,True,-0.0630251780797072,True,False
211,2100,Vest,Vest::10,Vest/10_1.tif,0.20024869391352695,True,0.065527169812832797,True,True,0.034597177143930791,,,-0.053403142347874466,True,True,-0.0467212046088889,True,True
210,2110,Vest,Vest::1,Vest/1_1.tif,0.20120101343612898,False,0.053364519798268006,True,True,0.047235986919796469,,,-0.04844789340635039,True,True,-0.052152613311714113,True,False
212,2120,Vest,Vest::2,Vest/2_1.tif,0.22079439281983135,True,0.071948115940860285,True,True,0.038449080469055263,,,-0.060793609799726506,True,True,-0.049603586610189293,True,True
213,2130,Vest,Vest::3,Vest/3_1.tif,0.1331267530079267,True,0.048316171356052706,True,True,0.018247205147910561,,,-0.039132414256221437,True,True,-0.027430962247741997,True,False
214,2140,Vest,Vest::4,Vest/4_1.tif,0.23207437868880865,True,0.053696203132059778,True,True,0.062340986212344462,,,-0.055769235627805919,True,True,-0.060267953716598488,True,True
215,2150,Vest,Vest::5,Vest/5_1.tif,0.10383635184068352,False,0.01720953823202831,True,False,0.034134212330243108,,,-0.051918175920341703,True,True,0.00057442535807039619,False,False
216,2160,Vest,Vest::6,Vest/6_1.tif,0.11157255449263626,False,0.0004233317510110024,True,False,0.048281785474644234,,,-0.055786277246318128,True,False,0.0070811600206628911,False,False
217,2170,Vest,Vest::7,Vest/7_1.tif,0.21088547296667839,True,0.099020712743283473,True,True,0.0064220237400557378,,,-0.05195705722136279,True,True,-0.053485679261976393,True,False
218,2180,Vest,Vest::8,Vest/8_1.tif,0.097710570107877759,False,0.0033810818996903858,True,False,0.045474203154248549,,,-0.0055341736633369165,True,False,-0.043321111390601907,True,False
219,2190,Vest,Vest::9,Vest/9_1.tif,0.036552491969895212,False,0.0023636782088783115,True,False,0.0059256371768056093,,,-0.018276245984947703,True,True,0.0099869305992635882,False,False
220,2200,Wide-Leg,Wide-Leg::1,Wide-Leg/1-1.tif,0.058813635846843765,False,0.024008447157054913,True,False,-0.0021783404080115143,,,0.0053983707663669556,False,False,-0.027228477515410382,True,False
221,2210,Wide-Leg,Wide-Leg::10,Wide-Leg/10-1.tif,0.10755643068988013,False,0.032340540582673105,True,False,0.021437674762266934,,,-0.0079930510858103876,True,False,-0.045785164259129707,True,False
222,2220,Wide-Leg,Wide-Leg::2,Wide-Leg/2-1.tif,0.041775567592812923,False,-0.0074949784587058921,False,False,-0.013392805337700597,,,0.0057517478444983339,False,False,0.0151360359519081,False,False
223,2230,Wide-Leg,Wide-Leg::3,Wide-Leg/3-1.tif,0.093772123632638066,False,0.033550572824779801,True,False,0.013335488991539302,,,-0.0094010046171524864,True,False,-0.037485057199166477,True,False
224,2240,Wide-Leg,Wide-Leg::4,Wide-Leg/4-1.tif,0.025304348678879734,False,0.007994039489821303,True,False,0.0046581348496186337,,,-0.011715616667597184,True,False,-0.00093655767184261385,True,False
225,2250,Wide-Leg,Wide-Leg::5,Wide-Leg/5-1.tif,0.15663485788592976,False,0.051426153856362594,True,False,0.026891275086602301,,,-0.015771136762471771,True,False,-0.062546292180493096,True,False
226,2260,Wide-Leg,Wide-Leg::6,Wide-Leg/6-1.tif,0.047437000678160229,False,0.004197822525570799,True,False,-0.023718500339080323,,,0.0047285649278483999,False,False,0.014792112885660708,False,False
227,2270,Wide-Leg,Wide-Leg::7,Wide-Leg/7-1.tif,0.021451605392142331,False,0.0065500008514315089,True,False,0.0034071636998788124,,,0.00076863814476091363,False,False,-0.010725802696071096,True,False
228,2280,Wide-Leg,Wide-Leg::8,Wide-Leg/8-1.tif,0.033281991154172519,False,0.0088541437652465138,True,False,0.0077868518118396346,,,-0.012214211416927967,True,False,-0.0044267841601584035,True,False
229,2290,Wide-Leg,Wide-Leg::9,Wide-Leg/9-1.tif,0.064652826017845832,False,-0.017103497591501315,False,False,-0.015222915417421601,,,0.0027953090152357252,False,False,0.029531103993687191,False,False
