category,cases,median_four_band_l1_s3_minus_s1,median_delta_low_1_4,n_endpoint_concordant_low_1_4,median_delta_mid_5_12,median_delta_highmid_13_24,n_endpoint_concordant_highmid_13_24,median_delta_high_25_36,n_endpoint_concordant_high_25_36
A-Line,10,0.12497857516755288,0.025237086593882546,6,0.03750929909373163,-0.0087593604227365063,7,-0.036561852485597623,8
Bermuda,10,0.17332056777202845,0.04807431806519509,9,0.020481115564187469,-0.023504753495678071,10,-0.014225740065110043,5
Blouse,10,0.09991533848164795,0.033568174722989313,7,0.0030238463350693856,-0.017034375468519686,7,-0.011913519801529257,6
Cardigan,10,0.14200143852561495,0.048109735665813405,7,0.022716966359967949,-0.017759463386361668,8,-0.042972004977299506,7
Circle,10,0.098054067803049816,0.034483167125444303,10,-0.0069837725633519199,-0.026593450832963911,7,-0.018676945178399212,7
Dress,10,0.29415227345552752,0.11733914283011737,10,0.001619656556086646,-0.046911421225959024,10,-0.08469644297394005,10
Flare,10,0.21316568424199434,0.080954092057348354,9,0.025973963428300439,-0.030914707335643707,9,-0.065613586841883301,10
Harem,10,0.20651989310911745,0.060350250205450207,10,0.010548833753243281,-0.038479481759405992,9,-0.051668341703042103,10
Hoodie,10,0.15789772863278423,0.057052068988954333,10,0.009709196336965098,-0.023561770737460144,9,-0.049017014341233553,8
Jacket,10,0.10435934988431445,0.045994057314703407,10,0.005156108933874054,-0.016363149996638085,8,-0.028491197366510609,10
Jumpsuit,10,0.29607573148031729,0.11639915674298194,10,0.0021202284017723672,-0.051982639193924055,9,-0.062791776075832945,9
Mermaid,10,0.24383880008634234,0.067895107903597401,10,0.049848102527096053,-0.044540463151224799,10,-0.0760855161025593,10
Mini,10,0.13614250335630174,0.03990034677380136,8,0.01740291911929176,-0.018945728663996603,8,-0.062784141981251401,9
Pencil,10,0.31489261108835725,0.12622319482353003,10,0.014358998036087492,-0.065425352737893711,10,-0.079549536067252138,10
Sarong,10,0.2690933947030168,0.097194969307639906,10,0.023838075713870449,-0.043229309963584331,10,-0.079853712732880638,10
Shirt,10,0.21625056647108232,0.061045552856537844,9,0.035832251157241646,-0.029162814096900636,10,-0.074169335220025057,8
Skinny,10,0.28731416908309781,0.13916051481950381,10,-0.0096023190915238976,-0.05283596015924176,8,-0.079264257166479557,10
Straight,10,0.20563622844351037,0.081274015832164592,10,0.010746549785421833,-0.037305582145051655,10,-0.063408594301056193,10
Suit,10,0.14917363069730882,0.050968178896856509,9,0.040834639256198735,-0.041166580845014233,10,-0.049990764149879852,9
T-shirt,10,0.12409399852687893,0.032814350808397993,9,0.0018964818133586359,-0.019224615843296489,8,-0.017790115347348104,8
Tunic,10,0.13950137797022943,0.022970685578548991,7,0.041512358939749278,-0.020525567865466152,8,-0.031119338198035404,6
Vest,10,0.16668772346072683,0.050840345577160356,10,0.036523128806493027,-0.051937616570852246,10,-0.045021157999745404,7
Wide-Leg,10,0.053125318262501997,0.0084240916275339084,8,0.004032649274748723,-0.003612206470524737,5,-0.0075762934281147498,7
