category,images,median_four_band_l1_s3_minus_s1,median_delta_low_1_4,q25_delta_low_1_4,q75_delta_low_1_4,n_endpoint_concordant_low_1_4,median_delta_mid_5_12,q25_delta_mid_5_12,q75_delta_mid_5_12,median_delta_highmid_13_24,q25_delta_highmid_13_24,q75_delta_highmid_13_24,n_endpoint_concordant_highmid_13_24,median_delta_high_25_36,q25_delta_high_25_36,q75_delta_high_25_36,n_endpoint_concordant_high_25_36
A-Line,100,0.13298384479690623,0.041284898040478302,0.023775663375188591,0.059799790078740554,87,0.023005250858535775,0.00046088017501103029,0.041254056649110027,-0.018761558747208557,-0.038538048185985205,-0.0015409190247994281,78,-0.041891903664735317,-0.071268931882667502,-0.017255359391490262,86
Bermuda,100,0.15780515006217949,0.057673795713564166,0.040527424335540747,0.075479389277490205,98,0.019273165003338671,0.0043222991134232447,0.031934332560870832,-0.032171094566109087,-0.042859970505406866,-0.015637592746887474,97,-0.047841739813571704,-0.06965976636374703,-0.019055816832342885,80
Blouse,100,0.1484190843112746,0.060155334697746005,0.034109413488060895,0.075926443370004912,94,0.009982931976841386,-0.0043378790245755527,0.028571779677792314,-0.031106403014012962,-0.04081070644302949,-0.010142812717036487,84,-0.041376770544554457,-0.066559975353895323,-0.013721068280047446,81
Cardigan,100,0.13214611326924264,0.043197916433364097,0.015855329515244307,0.068351416981635021,86,0.020322979768955973,-0.0012314606923060079,0.040925637363720624,-0.022276327786889899,-0.040156175656113943,-0.0053992976228500605,82,-0.041247495334626003,-0.075394249563972143,-0.018162540155675047,85
Circle,100,0.12565363183201142,0.03854376889394584,0.010643941674029871,0.06188989196384391,82,0.0089888441747457137,-0.014672392030705764,0.038345834393908429,-0.021930200210113743,-0.037345948006945448,0.0032679819302362106,70,-0.03548438565232219,-0.070599453985440375,-8.2767750527318329e-06,75
Dress,100,0.24542488180232214,0.096392851128491247,0.057945806803317707,0.16208505416080471,92,0.0049148074860014129,-0.01788342870367924,0.031619952589436666,-0.048598333399709759,-0.078081809808846506,-0.029600241450557348,93,-0.059035194190045909,-0.089480544342049384,-0.038507851203397225,95
Flare,100,0.21776718180435936,0.069534890947086356,0.029902654701118761,0.10976259399102195,96,0.02220091709629303,-0.0014586040424805144,0.051339979687077604,-0.038422907420367594,-0.057533867058074957,-0.021368560987776473,94,-0.066344181119289997,-0.090558009166162329,-0.039460152869936573,94
Harem,100,0.20433611382587158,0.06532289038211013,0.027334723599397176,0.12120718616907369,91,0.017509073181501439,-0.0012065794118684831,0.046919016473566652,-0.04470332116470771,-0.058011351402089031,-0.023137094430443712,97,-0.057048943345992212,-0.087017079862291749,-0.026815496080706255,93
Hoodie,100,0.13854569044471993,0.039736533988095055,0.020975790775540279,0.062849822229085223,89,0.01685397261500976,-0.0078536255928768894,0.039870358837686859,-0.019587027919257483,-0.035878774087951912,-0.0036953514164961843,78,-0.041030578262131093,-0.068239499933447412,-0.013781173283276146,83
Jacket,100,0.13428821642986835,0.050469522454626173,0.038884862701972958,0.064767079784027834,96,0.014632075681545703,-0.00042137788880797222,0.033077833724293751,-0.027701372476468547,-0.036746851506592099,-0.01291342496557478,94,-0.046223221650286049,-0.066863674305832149,-0.021817149924058386,85
Jumpsuit,100,0.33008991238905733,0.14627855398478204,0.069988090681580545,0.19795830493328939,89,0.0017250959013812572,-0.016413536920726925,0.039689965675148396,-0.063958749263057127,-0.096333825033914314,-0.027050525937049728,91,-0.079634132908297101,-0.10783578506792457,-0.054464912457251484,92
Mermaid,100,0.20698111646267348,0.048842595573175773,0.014614416275120071,0.097459023730071662,82,0.028045453396033065,0.0075374342617224588,0.056571368219672326,-0.039094162723875947,-0.053582643308669249,-0.022434796602150135,98,-0.058656197436771647,-0.083563352473833952,-0.01475081449197671,84
Mini,100,0.1302710205214207,0.046405359008864597,0.010765291249314489,0.068545604689442124,84,0.01646443349864829,-0.0025488730052008191,0.034140452292534346,-0.02294249527525985,-0.037536143172142933,-0.010490267917526622,86,-0.035512418908680052,-0.060977621038588822,-0.0034838572382123734,78
Pencil,100,0.29826109296660608,0.117402040182344,0.077002153238617324,0.15923874156926074,98,0.0088334608827153327,-0.014514273195816052,0.031020490765336167,-0.062015858228257198,-0.075269787348595268,-0.037703831574131014,97,-0.069003785018594901,-0.093161918245234454,-0.04793924416656864,97
Sarong,100,0.30764316447657963,0.13951975569959649,0.10063107648772719,0.17162964624383559,97,0.01318639858215509,-0.013456763308886871,0.033876989580587803,-0.058976465674779877,-0.080267466776577784,-0.040744412530092061,98,-0.08055868291307694,-0.12152424161638176,-0.057977887747630547,98
Shirt,100,0.14145096803809987,0.049607553247102198,0.035752703215431669,0.067479283160795947,93,0.014896129436061556,-0.0013609327819569944,0.031947887004383627,-0.027376993941536934,-0.036479850966989816,-0.013499552418298158,89,-0.037307097696173699,-0.068166646818962534,-0.018288167218830954,86
Skinny,100,0.3573556900370089,0.16355398238352609,0.12028568844950818,0.19683082612700067,100,-0.009368469569238258,-0.022284022098445107,0.013882502421358675,-0.068542818580392864,-0.091283228947821676,-0.030892128393560439,95,-0.093601140988137405,-0.11278929040028515,-0.068178734323272205,100
Straight,100,0.26978125536542918,0.11359015394459326,0.063873073238961714,0.15501286781885099,98,0.01180758238456836,-0.0065990678104282385,0.023555687148359476,-0.051942656723843947,-0.070574659626554778,-0.028646067575528844,94,-0.074223316417932103,-0.098131739622458913,-0.051783597763725986,98
Suit,100,0.1439151607566741,0.042119820003846356,0.015357137716272021,0.065342353726532576,84,0.026833777809417758,0.010613791150524576,0.044177626640058643,-0.026330518469583758,-0.038839160203873874,-0.010205993839995639,87,-0.043079536067422097,-0.071064509410022236,-0.011744728943598147,79
T-shirt,100,0.13874111542558565,0.049335662736835845,0.033371568241411187,0.07142743482762054,98,0.009987446524342164,-0.01265742894991384,0.03228954071504285,-0.02670728702012537,-0.039409789994807168,-0.016682508727543573,86,-0.038524110566031555,-0.071703793354031958,-0.0014609149976235122,76
Tunic,100,0.16082509569901648,0.044536550245106624,0.013433074149285622,0.081683382935329701,86,0.023774368856091688,0.0013420012171791867,0.047691618751290452,-0.035073545951907883,-0.049242345644919513,-0.021776557594259387,88,-0.037093626248195247,-0.071607490035593663,-0.013807584492751046,85
Vest,100,0.18126505685553657,0.052497414826953984,0.032574386433827818,0.07215629362096615,92,0.037141312199784449,0.018767667503236454,0.047453349837473346,-0.047990244862472581,-0.057208956651002972,-0.03553905525288191,98,-0.044929245190016849,-0.060754904470983605,-0.021645910791944754,87
Wide-Leg,100,0.16529779957866553,0.052770696185909641,0.031452350402563355,0.070330418741478357,92,0.027279945105843639,0.010170259253309874,0.054092085000704337,-0.035513326467439862,-0.049639306062152479,-0.010486321175031177,85,-0.053343946258973096,-0.073387264883199521,-0.025610676144073002,91
