role,row_index,relative_path,identity,nominal_support_factor,source_height,source_width,pad_top,pad_bottom,pad_left,pad_right,output_height,output_width,realized_scale_h,realized_scale_w,realized_scale_geom
S01,781,Harem/8-10.tif,Harem::8,1,598,384,0,0,0,0,598,384,1,1,1
S01,781,Harem/8-10.tif,Harem::8,1.1000000000000001,598,384,30,30,20,20,658,424,1.1003344481605351,1.1041666666666667,1.1022488919676554
S01,781,Harem/8-10.tif,Harem::8,1.25,598,384,75,75,48,48,748,480,1.2508361204013378,1.25,1.2504179903143078
S01,781,Harem/8-10.tif,Harem::8,1.5,598,384,150,150,96,96,898,576,1.5016722408026757,1.5,1.5008358874987011
S01,781,Harem/8-10.tif,Harem::8,2,598,384,299,299,192,192,1196,768,2,2,2
S01,781,Harem/8-10.tif,Harem::8,2.5,598,384,449,449,288,288,1496,960,2.5016722408026757,2.5,2.5008359806286156
S01,781,Harem/8-10.tif,Harem::8,3,598,384,598,598,384,384,1794,1152,3,3,3
S08,1349,Pencil/4-9.tif,Pencil::4,1,571,295,0,0,0,0,571,295,1,1,1
S08,1349,Pencil/4-9.tif,Pencil::4,1.1000000000000001,571,295,29,29,15,15,629,325,1.1015761821366024,1.1016949152542372,1.1016355470958035
S08,1349,Pencil/4-9.tif,Pencil::4,1.25,571,295,72,72,37,37,715,369,1.2521891418563922,1.2508474576271187,1.2515181199484695
S08,1349,Pencil/4-9.tif,Pencil::4,1.5,571,295,143,143,74,74,857,443,1.500875656742557,1.5016949152542374,1.5012852301142385
S08,1349,Pencil/4-9.tif,Pencil::4,2,571,295,286,286,148,148,1143,591,2.0017513134851139,2.0033898305084747,2.0025704044160491
S08,1349,Pencil/4-9.tif,Pencil::4,2.5,571,295,429,429,222,222,1429,739,2.5026269702276709,2.5050847457627117,2.5038555564272653
S08,1349,Pencil/4-9.tif,Pencil::4,3,571,295,571,571,295,295,1713,885,3,3,3
S02,1086,Jumpsuit/8_2.tif,Jumpsuit::8,1,910,414,0,0,0,0,910,414,1,1,1
S02,1086,Jumpsuit/8_2.tif,Jumpsuit::8,1.1000000000000001,910,414,46,46,21,21,1002,456,1.1010989010989012,1.1014492753623188,1.1012740742965079
S02,1086,Jumpsuit/8_2.tif,Jumpsuit::8,1.25,910,414,114,114,52,52,1138,518,1.2505494505494505,1.251207729468599,1.2508785467063468
S02,1086,Jumpsuit/8_2.tif,Jumpsuit::8,1.5,910,414,228,228,104,104,1366,622,1.5010989010989011,1.5024154589371981,1.5017570357433421
S02,1086,Jumpsuit/8_2.tif,Jumpsuit::8,2,910,414,455,455,207,207,1820,828,2,2,2
S02,1086,Jumpsuit/8_2.tif,Jumpsuit::8,2.5,910,414,683,683,311,311,2276,1036,2.5010989010989011,2.5024154589371981,2.5017570934126936
S02,1086,Jumpsuit/8_2.tif,Jumpsuit::8,3,910,414,910,910,414,414,2730,1242,3,3,3
S03,1625,Skinny/2-5.tif,Skinny::2,1,830,306,0,0,0,0,830,306,1,1,1
S03,1625,Skinny/2-5.tif,Skinny::2,1.1000000000000001,830,306,42,42,16,16,914,338,1.1012048192771084,1.1045751633986929,1.1028887038991924
S03,1625,Skinny/2-5.tif,Skinny::2,1.25,830,306,104,104,39,39,1038,384,1.2506024096385542,1.2549019607843137,1.2527503406573111
S03,1625,Skinny/2-5.tif,Skinny::2,1.5,830,306,208,208,77,77,1246,460,1.5012048192771084,1.5032679738562091,1.5022360423774539
S03,1625,Skinny/2-5.tif,Skinny::2,2,830,306,415,415,153,153,1660,612,2,2,2
S03,1625,Skinny/2-5.tif,Skinny::2,2.5,830,306,623,623,230,230,2076,766,2.5012048192771084,2.5032679738562091,2.5022361839265277
S03,1625,Skinny/2-5.tif,Skinny::2,3,830,306,830,830,306,306,2490,918,3,3,3
S04,1024,Jumpsuit/2_5.tif,Jumpsuit::2,1,1109,257,0,0,0,0,1109,257,1,1,1
S04,1024,Jumpsuit/2_5.tif,Jumpsuit::2,1.1000000000000001,1109,257,56,56,13,13,1221,283,1.1009918845807034,1.1011673151750974,1.1010795963840687
S04,1024,Jumpsuit/2_5.tif,Jumpsuit::2,1.25,1109,257,139,139,33,33,1387,323,1.2506762849413886,1.2568093385214008,1.2537390615202151
S04,1024,Jumpsuit/2_5.tif,Jumpsuit::2,1.5,1109,257,278,278,65,65,1665,387,1.5013525698827772,1.5058365758754864,1.5035929013579916
S04,1024,Jumpsuit/2_5.tif,Jumpsuit::2,2,1109,257,555,555,129,129,2219,515,2.000901713255185,2.0038910505836576,2.0023958240791386
S04,1024,Jumpsuit/2_5.tif,Jumpsuit::2,2.5,1109,257,832,832,193,193,2773,643,2.5004508566275923,2.5019455252918288,2.5011980793114974
S04,1024,Jumpsuit/2_5.tif,Jumpsuit::2,3,1109,257,1109,1109,257,257,3327,771,3,3,3
S05,432,Circle/3_2.tif,Circle::3,1,476,429,0,0,0,0,476,429,1,1,1
S05,432,Circle/3_2.tif,Circle::3,1.1000000000000001,476,429,24,24,22,22,524,473,1.1008403361344539,1.1025641025641026,1.1017018822151703
S05,432,Circle/3_2.tif,Circle::3,1.25,476,429,60,60,54,54,596,537,1.2521008403361344,1.2517482517482517,1.2519245336294329
S05,432,Circle/3_2.tif,Circle::3,1.5,476,429,119,119,108,108,714,645,1.5,1.5034965034965035,1.501747234139206
S05,432,Circle/3_2.tif,Circle::3,2,476,429,238,238,215,215,952,859,2,2.0023310023310024,2.0011651617650164
S05,432,Circle/3_2.tif,Circle::3,2.5,476,429,357,357,322,322,1190,1073,2.5,2.501165501165501,2.5005826826789295
S05,432,Circle/3_2.tif,Circle::3,3,476,429,476,476,429,429,1428,1287,3,3,3
S06,1824,Suit/2-4.tif,Suit::2,1,538,494,0,0,0,0,538,494,1,1,1
S06,1824,Suit/2-4.tif,Suit::2,1.1000000000000001,538,494,27,27,25,25,592,544,1.1003717472118959,1.1012145748987854,1.1007930803909434
S06,1824,Suit/2-4.tif,Suit::2,1.25,538,494,68,68,62,62,674,618,1.2527881040892193,1.2510121457489878,1.2518998099949774
S06,1824,Suit/2-4.tif,Suit::2,1.5,538,494,135,135,124,124,808,742,1.5018587360594795,1.5020242914979758,1.5019415114976298
S06,1824,Suit/2-4.tif,Suit::2,2,538,494,269,269,247,247,1076,988,2,2,2
S06,1824,Suit/2-4.tif,Suit::2,2.5,538,494,404,404,371,371,1346,1236,2.5018587360594795,2.5020242914979756,2.5019415124093607
S06,1824,Suit/2-4.tif,Suit::2,3,538,494,538,538,494,494,1614,1482,3,3,3
S07,185,Bermuda/8-5.tif,Bermuda::8,1,149,156,0,0,0,0,149,156,1,1,1
S07,185,Bermuda/8-5.tif,Bermuda::8,1.1000000000000001,149,156,8,8,8,8,165,172,1.1073825503355705,1.1025641025641026,1.1049706999761966
S07,185,Bermuda/8-5.tif,Bermuda::8,1.25,149,156,19,19,20,20,187,196,1.2550335570469799,1.2564102564102564,1.2557217180621161
S07,185,Bermuda/8-5.tif,Bermuda::8,1.5,149,156,38,38,39,39,225,234,1.5100671140939597,1.5,1.5050251397039651
S07,185,Bermuda/8-5.tif,Bermuda::8,2,149,156,75,75,78,78,299,312,2.0067114093959733,2,2.0033528942230689
S07,185,Bermuda/8-5.tif,Bermuda::8,2.5,149,156,112,112,117,117,373,390,2.5033557046979866,2.5,2.5016772896888533
S07,185,Bermuda/8-5.tif,Bermuda::8,3,149,156,149,149,156,156,447,468,3,3,3
S09,1591,Shirt/9_10.tif,Shirt::9,1,314,316,0,0,0,0,314,316,1,1,1
S09,1591,Shirt/9_10.tif,Shirt::9,1.1000000000000001,314,316,16,16,16,16,346,348,1.1019108280254777,1.1012658227848102,1.1015882781969719
S09,1591,Shirt/9_10.tif,Shirt::9,1.25,314,316,40,40,40,40,394,396,1.2547770700636942,1.2531645569620253,1.2539705543163593
S09,1591,Shirt/9_10.tif,Shirt::9,1.5,314,316,79,79,79,79,472,474,1.5031847133757963,1.5,1.5015915123840087
S09,1591,Shirt/9_10.tif,Shirt::9,2,314,316,157,157,158,158,628,632,2,2,2
S09,1591,Shirt/9_10.tif,Shirt::9,2.5,314,316,236,236,237,237,786,790,2.5031847133757963,2.5,2.5015918498906835
S09,1591,Shirt/9_10.tif,Shirt::9,3,314,316,314,314,316,316,942,948,3,3,3
S10,2007,Tunic/10_7.tif,Tunic::10,1,557,281,0,0,0,0,557,281,1,1,1
S10,2007,Tunic/10_7.tif,Tunic::10,1.1000000000000001,557,281,28,28,15,15,613,311,1.1005385996409336,1.106761565836299,1.1036456966807271
S10,2007,Tunic/10_7.tif,Tunic::10,1.25,557,281,70,70,36,36,697,353,1.251346499102334,1.2562277580071175,1.2537847530805997
S10,2007,Tunic/10_7.tif,Tunic::10,1.5,557,281,140,140,71,71,837,423,1.502692998204668,1.5053380782918149,1.5040149567673788
S10,2007,Tunic/10_7.tif,Tunic::10,2,557,281,279,279,141,141,1115,563,2.0017953321364454,2.0035587188612101,2.0026768314128085
S10,2007,Tunic/10_7.tif,Tunic::10,2.5,557,281,418,418,211,211,1393,703,2.5008976660682225,2.5017793594306048,2.5013384739010536
S10,2007,Tunic/10_7.tif,Tunic::10,3,557,281,557,557,281,281,1671,843,3,3,3
