role,row_index,relative_path,identity,v3_image_path,height,width,output_pixel_sha256,observed_pixel_sha256,pixel_sha_match,manifest_border_median,manifest_inverted,corner_tl,corner_tr,corner_bl,corner_br,corners_all_equal,perimeter_mode,perimeter_mode_count,perimeter_n,perimeter_mode_fraction,perimeter_unique_values,array_min,array_max
S01,781,Harem/8-10.tif,Harem::8,/Users/nitikagupta/Research/paper2_r0_05f_crop_vs_resampling/V3_CROP_ONLY/images/0781.png,598,384,4bbf5d902698615019536e57e5cf0dea2516e5a9fd263c73487638bd2348c690,4bbf5d902698615019536e57e5cf0dea2516e5a9fd263c73487638bd2348c690,True,0.99607843137254903,False,254,254,254,254,True,254,1865,1960,0.95153061224489799,7,33,254
S08,1349,Pencil/4-9.tif,Pencil::4,/Users/nitikagupta/Research/paper2_r0_05f_crop_vs_resampling/V3_CROP_ONLY/images/1349.png,571,295,266a50a45cd9bef0248919abcc8d58bef2e1bca322224b6bd2e2c999629247f0,266a50a45cd9bef0248919abcc8d58bef2e1bca322224b6bd2e2c999629247f0,True,0.99607843137254903,False,254,254,254,254,True,254,1638,1728,0.94791666666666663,6,59,254
S02,1086,Jumpsuit/8_2.tif,Jumpsuit::8,/Users/nitikagupta/Research/paper2_r0_05f_crop_vs_resampling/V3_CROP_ONLY/images/1086.png,910,414,6c50094c3acaff3d55fe73a906af193ae5cc448630bf19317f61f8a27554227b,6c50094c3acaff3d55fe73a906af193ae5cc448630bf19317f61f8a27554227b,True,0.99607843137254903,False,254,254,254,254,True,254,2564,2644,0.96974281391830564,8,44,254
S03,1625,Skinny/2-5.tif,Skinny::2,/Users/nitikagupta/Research/paper2_r0_05f_crop_vs_resampling/V3_CROP_ONLY/images/1625.png,830,306,a958eeb246938f9d39e4d58e888bfe3d1bc508d65d54b31751dc7f65aad78238,a958eeb246938f9d39e4d58e888bfe3d1bc508d65d54b31751dc7f65aad78238,True,0.99607843137254903,False,254,254,254,254,True,254,2201,2268,0.97045855379188717,5,10,254
S04,1024,Jumpsuit/2_5.tif,Jumpsuit::2,/Users/nitikagupta/Research/paper2_r0_05f_crop_vs_resampling/V3_CROP_ONLY/images/1024.png,1109,257,3c0905becff6f25ee73be51045748ed729a084b2b3340278a19ddbe40e97721c,3c0905becff6f25ee73be51045748ed729a084b2b3340278a19ddbe40e97721c,True,0.99607843137254903,False,254,254,254,254,True,254,2622,2728,0.96114369501466279,6,15,254
S05,432,Circle/3_2.tif,Circle::3,/Users/nitikagupta/Research/paper2_r0_05f_crop_vs_resampling/V3_CROP_ONLY/images/0432.png,476,429,cb56243c20f54e41cff726cd927e35433857b1b8ab66a13598aed05f0952ed53,cb56243c20f54e41cff726cd927e35433857b1b8ab66a13598aed05f0952ed53,True,0.99607843137254903,False,254,254,254,254,True,254,1791,1806,0.99169435215946844,3,33,254
S06,1824,Suit/2-4.tif,Suit::2,/Users/nitikagupta/Research/paper2_r0_05f_crop_vs_resampling/V3_CROP_ONLY/images/1824.png,538,494,d7b2c1665d5682f9309532178312accdda485f5111b2de9648e944728e5fbf9e,d7b2c1665d5682f9309532178312accdda485f5111b2de9648e944728e5fbf9e,True,0.99607843137254903,False,254,254,254,254,True,254,2003,2060,0.97233009708737861,5,27,254
S07,185,Bermuda/8-5.tif,Bermuda::8,/Users/nitikagupta/Research/paper2_r0_05f_crop_vs_resampling/V3_CROP_ONLY/images/0185.png,149,156,9771b7909856f36285ef4987663e149bfa2959c5cc7944406a41daacc0215945,9771b7909856f36285ef4987663e149bfa2959c5cc7944406a41daacc0215945,True,0.99215686274509796,False,253,253,253,253,True,253,584,606,0.9636963696369637,4,28,255
S09,1591,Shirt/9_10.tif,Shirt::9,/Users/nitikagupta/Research/paper2_r0_05f_crop_vs_resampling/V3_CROP_ONLY/images/1591.png,314,316,29ffbccfcb9080fa5ea5ec4322e660b9037d8d7b7d5207764da061ce2e7170b4,29ffbccfcb9080fa5ea5ec4322e660b9037d8d7b7d5207764da061ce2e7170b4,True,0.99607843137254903,False,254,254,254,254,True,254,1205,1256,0.95939490445859876,6,20,254
S10,2007,Tunic/10_7.tif,Tunic::10,/Users/nitikagupta/Research/paper2_r0_05f_crop_vs_resampling/V3_CROP_ONLY/images/2007.png,557,281,2c6a466b287a88a15a5bd2a7eb2938a74869fd2691f2d4bd1443422f0f3b598b,2c6a466b287a88a15a5bd2a7eb2938a74869fd2691f2d4bd1443422f0f3b598b,True,0.99607843137254903,False,254,254,254,254,True,254,1606,1672,0.96052631578947367,5,24,254
