calibration_index,row_index,category,garment_identity,relative_path,output_relative_path,source_sha256,output_pixel_sha256,crop_width,crop_height
0,0,A-Line,A-Line::1,A-Line/1-1.tif,images/0000.png,41d87c7b002fe3c881d6343382c8db1075b26f9a1d4a3bf529e482402de156f6,179e2ab4e836c13a3c15c6283cd0032409c91a5e748e066a05a9aa7fca631df7,144,151
1,10,A-Line,A-Line::10,A-Line/10-1.tif,images/0010.png,0bcd8d6a50e4450bbce6446091cdef2d94878538ac3977a271ae689209797081,0f9b83e5eb8ff3f8e2cb3f972306b09405ab6c5d16af30472a2beb4f704172e8,126,154
2,20,A-Line,A-Line::2,A-Line/2-1.tif,images/0020.png,a58bed99594082872a2c7325db4dcc40284e1a923f73e0c840034d32055c1eda,92bd051146dffe73a64b88c6a9e2b35a77784e10961ab22406b6fb1bf2a8b437,124,176
3,30,A-Line,A-Line::3,A-Line/3-1.tif,images/0030.png,4bea57e8db49b6a04dbe332a4f178987122e791ceedb769cebb80e84809ce63a,513b26ec0bab33d7a65ee7dd902cfbab7b78f2bf39c5567e4bbadbb6e5d590c8,126,186
4,40,A-Line,A-Line::4,A-Line/4-1.tif,images/0040.png,7a1461d88cbddb135f40bd37817fb4595eba8afec3c24bb6715fec768cb85650,1477a4b995b034c6f923c61bfcfe974b61136713a3fc19a4853736279111f121,121,183
5,50,A-Line,A-Line::5,A-Line/5-1.tif,images/0050.png,8de144a735bd3c497de765cc3590e5ef18f21822456ade83f0dbbf9ebcb5c561,2881bca2f2382eb33ea154038e10cc7ba02c71621819f8ae0a437ed718f3e830,121,191
6,60,A-Line,A-Line::6,A-Line/6-1.tif,images/0060.png,9fd967d5616672d3f9919a1f5f84c8990a69c0b644331024844730b6f14db69f,fc3d1d81e7673b7311266fae30f4e18e3e0dded33985b7016265f420c921a298,131,173
7,70,A-Line,A-Line::7,A-Line/7-1.tif,images/0070.png,a5c8206cc43eb122f8368cd6c09d2f03dc2cdc476cf1397dee05f755eb154f51,73edf0beebfff5e423e6066e94ecd77a9a1b1d117549410b99a3309b8abf1455,147,165
8,80,A-Line,A-Line::8,A-Line/8-1.tif,images/0080.png,06eeec6df6875099dd02f1d6a552acded05fd609dcb3b8b7f6c1fd6867116586,78688f3bd62ea162c972f3469ad30746fc73a477c78cccfc7454b7a585e36cf3,137,184
9,90,A-Line,A-Line::9,A-Line/9-1.tif,images/0090.png,50cbdc9559ae3fa72d1faf365d573598b7479a8043ab7efb61ef47c2d36d6ba4,a5eff4764eb6a4e6a36ae400c56bb89bfc6dff1d4b09a0e9caa4a299608fbee1,146,188
10,100,Bermuda,Bermuda::1,Bermuda/1-1.tif,images/0100.png,6e00c6904c7a3275b02542480c48ad5adf252aec81a5aa95f8e08af9e56d9f17,61a7098f596dd0a9d649cecdc183e33d05bc021cb9ca02b8bc31ae7e26ac2d3b,133,127
11,110,Bermuda,Bermuda::10,Bermuda/10-1.tif,images/0110.png,62ea4d3f9491d0df29a90cdc21dae8a21fbcae2fb451e987ccd19cae5f16416a,b9f2aadb6cf84e37dfed21f08531f79dab63e06684ac05bb2b76d9847f7e2af4,176,150
12,120,Bermuda,Bermuda::2,Bermuda/2-1.tif,images/0120.png,29b0762d7cf09b1bc34e288999db758b2095b651262f56d5e8e8e88fe097dedf,1f024ec70456c08fd9d7719d41f71a6b0e5273d7965a44720549f0f4b201fa87,157,143
13,130,Bermuda,Bermuda::3,Bermuda/3-1.tif,images/0130.png,06fb330a717f11031e07cd502aa7a95c9b24d7c1872b3c35b5f79406be8c3461,1884d056df57b70f4cb7ae6acdb79be5a76c6a1d43a961521268ce146b731e66,178,156
14,140,Bermuda,Bermuda::4,Bermuda/4-1.tif,images/0140.png,c8142f96f7f3ff1190a8bd27ad7b01f837c5fcc8f61ec65864c3a8d3cc0dddd6,d6e6444324a87f3dc274d9f65b384e6e1792731634a81cc267d806c9d75b62b2,130,173
15,150,Bermuda,Bermuda::5,Bermuda/5-1.tif,images/0150.png,7a7871f838ddb43280ad26acb99aebb57b77262a5bd6a9130e55fa9c73ab5c6d,5e93a5edb22c55e996e0ce41fa3501ffbc5da0b3f64b0dc1faedabfb55c9d601,149,155
16,160,Bermuda,Bermuda::6,Bermuda/6-1.tif,images/0160.png,b489faa3ae981c3a3a643be4791edd0b1c53eaf77cad6931e1becca6036b123e,9d04f0fddeccc1031d2c630e924a39831d89c0fe1ae551e7f3b6a512f8445160,136,204
17,170,Bermuda,Bermuda::7,Bermuda/7-1.tif,images/0170.png,c6697d66829f8966713bac50996e1ad2a16bde9e597568493bb6dff505ff4458,f34a41e7398b6eee7f842863175b721c55db6847a0230a007ff59815cdca588d,159,183
18,180,Bermuda,Bermuda::8,Bermuda/8-1.tif,images/0180.png,4f9e47ef629787b17e499c3f6cb92f50c26274e85edff1319ddddcbd432e179e,bc6480f0ab5fd8322516c346396363005c96cd21de166272af7e61f77094db93,155,166
19,190,Bermuda,Bermuda::9,Bermuda/9-1.tif,images/0190.png,a3a1a99d7b2972b4299faa5cb9e800e320a48a7aa8da57fdb1d42d750cf4f1ce,37c5b0d55499c562805562d66872351eb5ea985bee03831a74de462418e8dff1,157,166
20,200,Blouse,Blouse::1,Blouse/1-1.tif,images/0200.png,37cdb244db50f7853e5ac9dad6aa940fd5b51beea0bfd5fb9ab261fd12d9b7c0,b87e3802b5d141863edaa9aea1d771bdca9f35316442668954d1606bfc223f04,169,181
21,210,Blouse,Blouse::10,Blouse/10-1.tif,images/0210.png,32ea2a4422a22054fa3777cbdc951cfe17726c116866bba052ef911786a336e8,262b603bc2c9c879a5f658a281cc691569540554084f0579fa615a22ef12c2b9,180,139
22,220,Blouse,Blouse::2,Blouse/2-1.tif,images/0220.png,1cbe33c95c9e6a161d76c15c6d6f4d998a9f3a22f4f600a0490fe66d83b3dce6,32fdc279c753783a07951ef40e5e635850e5865d376a2fe53bc467eddfacb2fe,167,193
23,230,Blouse,Blouse::3,Blouse/3-1.tif,images/0230.png,ab1d32e9d1b52ece120ad719908ad672e19a100e58d3fe9d59c173725ceec5fc,6a511c5ade7ecaf153e7c7dbd8765151ed3b5cb22c6e03a421aa7b6c1249ac6b,207,191
24,240,Blouse,Blouse::4,Blouse/4-1.tif,images/0240.png,1abb1bdbf07dcc15eff92d95d033c0e484711a41eecccdda4c275311c1db34d9,b0a9e6983355d5c6fa4191e92168bf11c9872d92aa8eec1db4755bbbab64bcfb,183,127
25,250,Blouse,Blouse::5,Blouse/5-1.tif,images/0250.png,c1fe57812116d93c1c3f52fb6edc62d4830ac93f56bff289cb39c6c531bf509e,3ceac3a3ca2a3225391945f7ff508cb1489319d3edff85a0dc2ed504632098dc,157,176
26,260,Blouse,Blouse::6,Blouse/6-1.tif,images/0260.png,7d16513627f8ee9876f7a510399caa95410c317399e5516a4cfd4b9390d26bbe,63809fbddad359ce945a75c6b64bb11597f3f75f147ca96f23e771b6a063835a,165,151
27,270,Blouse,Blouse::7,Blouse/7-1.tif,images/0270.png,03b726750cb2e59864bc9954072520ec4d7a2a3c502de3d499611bd568438f9a,6641991bfaf39fb3f42968260005e4551f87bf83e5b0de58375c9f9e6ec71ee9,152,149
28,280,Blouse,Blouse::8,Blouse/8-1.tif,images/0280.png,912eabef5e29c4bc7dfe2780202952dc0832929dd0b7e90570ff0e2c9f0df26a,de74e20bb2270275d6a4e67fb0e3d560b89a722a5e64fd57d94366ed1b643b86,160,166
29,290,Blouse,Blouse::9,Blouse/9-1.tif,images/0290.png,26015cbd478366c6b0b1e6801502f1b97bd05965cdb6e83d0ff3436dd03f767e,0d77f070f6c9a06533ac71f45aedebd860b28014784eff08e0a822ce9909956a,158,169
30,300,Cardigan,Cardigan::1,Cardigan/1-1.tif,images/0300.png,f4346ae4e9f204f5abf3c320da602283133f1f7f56763d7c4132b4a279080c18,2dba152fe63a1bf34ec82e5be57f1ff1b8599eac2f861eb5ae7f7e8e9eceec54,487,721
31,310,Cardigan,Cardigan::10,Cardigan/10-1.tif,images/0310.png,f348e9f1c451e71c281157329387194fb523d33b95df065212323d8a278433dc,1ec70292bc9ca3313b33b2627f0f0680fc1779ac4a324bf12a83f5e4a4a6f1b0,355,472
32,320,Cardigan,Cardigan::2,Cardigan/2-1.tif,images/0320.png,8d4aebc8e3d130c9ed4bcfee704ce5ecbe11c7ed07a776beea7c4a3a78514ca8,6672d522f1d677130d8425c31afc59902cad7e7232055fa947c9e1e5c1caadb5,594,443
33,330,Cardigan,Cardigan::3,Cardigan/3-1.tif,images/0330.png,142d46300af46aa977ea1d1a36a9c1fb5e0c126936f8c42601062a49ade710e5,3b603984a6ac16da43b44610ac67ed976e44cd5fadf930f08de8102fd39abe87,477,594
34,340,Cardigan,Cardigan::4,Cardigan/4-1.tif,images/0340.png,59f0f98bdd0fcbc431006ac371fcc6fc5dccb1ad1d9c46629bb44e5f41276c7a,cd07f9d10e3b1b536aaad7cf8a8bfdb456dbb6f42011596abbe092913d1c2e39,493,606
35,350,Cardigan,Cardigan::5,Cardigan/5-1.tif,images/0350.png,0122ea21ac28188799ff36926e508069c0b7fc842f1fdab483bd05e9a05c25ee,fbe19d82c34795aa27a6832f40710b0dbdba79d6a31860a6e46a58402af5a849,500,679
36,360,Cardigan,Cardigan::6,Cardigan/6-1.tif,images/0360.png,4dbfc32b1b2daa5499c0e4c41cd56aa582e2c91d683de636a5f185ba14af83ee,82bb5294521edb9a1755a1c8ff4ec8a2064aa06e643d288d524db54bd5e721c2,351,415
37,370,Cardigan,Cardigan::7,Cardigan/7-1.tif,images/0370.png,90b384820f74e51636ca35f8707a04cc67a5b852b05f79ab4d2471b3a25dff56,f9b8e4517b5cd47984c6efc9ad0870443e7262d02d350f26128eed93be1d6713,447,440
38,380,Cardigan,Cardigan::8,Cardigan/8-1.tif,images/0380.png,b80effdebf0d6ed30dd00366a14b77846ebf3cedfe0e2819c922b45d275d9280,5c789b039d71a8f3cc7729e4b2baa1d0a6f395c536a5dab9554c06e4d9dafff1,364,661
39,390,Cardigan,Cardigan::9,Cardigan/9-1.tif,images/0390.png,a66fe92a45eaff9b927080cf62a9445f1f541d2efae99068c416752d56e1a3ea,c1b5eed644f4c306fc899ef4df80ebc9900dca56fbfbabea2060a87438c60590,466,573
40,410,Circle,Circle::1,Circle/1_1.tif,images/0410.png,bbfa6f724baed1132f83e4eba58ec4b77340e888215c8d60303921a43709ebf5,38ae35794d4a303c3d9921e9d99aafdf0895f410f447464ad07f06ce86ce814c,479,547
41,400,Circle,Circle::10,Circle/10_1.tif,images/0400.png,480cf36d4b86ec0cc6bffb8dc63f20ed3f6f3bfd587d290e0d6b0412470526fc,3732857f7acb30073b5e23d111c3637fbf07e3b8866ee868ffa14c2c625a121a,501,541
42,420,Circle,Circle::2,Circle/2_1.tif,images/0420.png,e609a4b0c59c3ba951c2bbdd731977df2a0f1883d16cb544a783dddb0f351259,300056c83e2cf0a836499fff45c183c993924880596cf59635a09dd98f410899,569,526
43,430,Circle,Circle::3,Circle/3_1.tif,images/0430.png,3d7b03aecd39109c54bb158055bf13082fc1ccd5e7c3f56527f11622f95aa027,4eae56288c2a58c2b2abfab8142ae64042c7315d89f74e6c3931f1f5ed6f8935,455,532
44,440,Circle,Circle::4,Circle/4_1.tif,images/0440.png,70dee7aae429ba7a41eb0390373ac8bd472b58d3a746b8f5d213ed2b30e71ad0,4e296fbe49dc9cf8e62cab584c0063a9111fac129cc3398fdb46d61ab1a351bc,423,472
45,450,Circle,Circle::5,Circle/5_1.tif,images/0450.png,d386a5806f71e870834dd481bcf19a96d309c1c74247efb1f14939aff456beaa,1dbbcbc6ba52fe9d23c9236d1b44d4ea7ddd641655d9f4703c2b980113d88faa,476,582
46,460,Circle,Circle::6,Circle/6_1.tif,images/0460.png,3102337d598e939c11ef5a4b376e31efa1113c858fadc9ed2f5d5f100592f407,731c0e5f1463ee5a5a6645c0eda3265f79d99feadcb92a0fc2b5de445ef3c963,453,355
47,470,Circle,Circle::7,Circle/7_1.tif,images/0470.png,f4205a50b9e93cdc71c35aea3fd3b7d86bf411bc85e49c7ba12c51f5ac1f80f7,a1f43a6aeff41eff893d64bfd5e3ea94f0e2190db2bd753acfbbb1e0f0143c38,387,640
48,480,Circle,Circle::8,Circle/8_1.tif,images/0480.png,dab74a6043e1af0c4e396d8dfdf43327c5e611b4ad833d3330704ec079e2f029,115963bf7a53459ec2b526f7675242d759c6b3423f105a19d4a3d0676359cad6,486,640
49,490,Circle,Circle::9,Circle/9_1.tif,images/0490.png,afa351808a27a3c981f84dee1d4b28717d723eb547c60e901dd887fa7c3383d0,401e3610de0b4a0ddf140d149434dbcc2ab255b6263679d9641e109985cf7a3a,481,600
50,500,Dress,Dress::1,Dress/1-3.tif,images/0500.png,410253182081d59a9ee8288e8f8d6df29afb9832ee34ff5eb5c609baca770f51,c739b88098c4a78d4c2be5d91aec5cbacffa13bae3f211ef735ad29a372bf465,545,1142
51,502,Dress,Dress::10,Dress/10_1.tif,images/0502.png,7e139f88c4fc8dc11bebc6652ae045a19209bb539bda4cca060b9075478a1a08,daf5a4a6e19885be184638cfa3d15f20906d07e855e6850829cc73076f44f5be,278,691
52,520,Dress,Dress::2,Dress/2_1.tif,images/0520.png,140d439f5c82564eb87f6d3c72428abc07369af03b03063a195edf6b2a697a46,4e2ca85f036ad10502d99736ff99e56ccdc9ba8b767aa06ccfff0c7cb34afb68,388,831
53,530,Dress,Dress::3,Dress/3_1.tif,images/0530.png,68da0d3341953776e5630d02084e79654d1a5ce82c6efb89a5eb444439c1aaef,890dbcf6073f32544988f87e1418a151eb64d949ae1622933863ebfad8a18118,373,714
54,540,Dress,Dress::4,Dress/4_1.tif,images/0540.png,eea73a5e4f1b7d05f151b21dadfdc8b5d10d02436243c9714df371f97fbcfce9,f0afa6e1cd72915c233d45dcf86ea485b42be2c9d403b8deab5768dd0675c4a6,335,816
55,550,Dress,Dress::5,Dress/5_1.tif,images/0550.png,4f28cddcd3e29fe4e494517ceb44e9767afcd6bf4280f5d74458856f906d399c,f291ed93edf6ed39b4a45138d9b81caa2b6797d0b2fbde4838a94c34c70ab05e,522,726
56,560,Dress,Dress::6,Dress/6_1.tif,images/0560.png,e4ece7fb79344f94364b02ab08889ad6f79273b1dc558a0f21a5c5a580a70e0a,b3e42626cc7df70d41d3b0b78d93ca181cb8b5d3c752c0caa2def66c18fdcb79,408,802
57,570,Dress,Dress::7,Dress/7_1.tif,images/0570.png,6a47bb4c7cf02d9dc705da0c233694633a4fbb6bcdddbbce38ce7239ed46e7b9,c85ecd17bdfb959d800de741e8c6ac2560bf7f53197b39cdbeb30265cb0c1872,321,722
58,580,Dress,Dress::8,Dress/8_1.tif,images/0580.png,0ff5b8a239c309a662cdc34e4dcfc1aec3092047113e5481b030d4af96085ee5,0574e2a8127cad9447fbc26dd52c5f3dc4edb7e56d88b8359f4df17986997958,300,850
59,590,Dress,Dress::9,Dress/9_1.tif,images/0590.png,aa0fac4cd56d2bfa7c2fff4144fe313e36b54f94e371dc661e38a2d0d5a67a08,a78a229d2fc9da5bc15b94bdd0f78ddea0cd238003c4233dcc9215ca6f7ff01e,358,845
60,610,Flare,Flare::1,Flare/1_1.tif,images/0610.png,a7bf00a682e71b0fc56684746225687730920a582d88afa0a84aed1ae70d7eee,64e108d346b16f892d7fc30f0bfdb94a05ce5e422f921a5c78c8462ccd375510,238,589
61,600,Flare,Flare::10,Flare/10_1.tif,images/0600.png,98d56cad7aa4e773a8d1059bd53dc04be599a41d774f68f7b8778af76a405660,0ed8ad10c73e563d90464fcbe8c6be0006e3f7773113654cd255c27b4ec72e3a,490,592
62,620,Flare,Flare::2,Flare/2_1.tif,images/0620.png,ad84f493efbbb27420cb12ec90504964e6bb01e334d07992475a8c549cfc88ca,47471e49f292f3e936527ff616e31a23a1238a1e3774e49cedce5aa7c451c847,381,723
63,630,Flare,Flare::3,Flare/3_1.tif,images/0630.png,d37389f156f9e3394c7800bd14f3f887633c1d5c8772e52b54f4099ef7e0f684,1c117fb6dfa8cd56c7f11bcfe2844a3cc764b2991974f2f61805a5494042a6be,358,678
64,640,Flare,Flare::4,Flare/4_1.tif,images/0640.png,873bc7409e266107c2d6a5badea71eebb23b256f4501548afd9e8dca01f696c1,ad8a954bfc6230c06b1e5a4b0e5406a061c948a108b62948499c3684e283e6d6,346,729
65,650,Flare,Flare::5,Flare/5_1.tif,images/0650.png,f53091485b6d39e31ef24fed121ab696e2ed1dfa7aaeab6d0f4f6334dd275279,51e8efd868a238eefff0864b1c773e1eebf3fd79c108357cec1264fa48376168,289,589
66,660,Flare,Flare::6,Flare/6_1.tif,images/0660.png,2bc477989ca409cfd35c453d8163e41372441933fd3445cf1d995bfc8b4bfdc8,12de0e90afca8f258e878d38c4a2de54dc653ca3d64f779a1c38559b0b557342,410,662
67,670,Flare,Flare::7,Flare/7-2.tif,images/0670.png,501c7660adf989635d4df1cfa0472d0e084e647bdf6cf3991682c9dd37217c45,c5aaeb97b7ccc608ca82384e916338ccb993dea46fe74a80d388890234d60f48,330,748
68,680,Flare,Flare::8,Flare/8_1.tif,images/0680.png,5d24256d733e335fabc7881497b027ccd69fc0c9d68f2201101c74516f6e3f42,e359ee9c74c9884b35c6baaff2276ddf5a42a66014920223827b1b23b5e2ad14,334,752
69,690,Flare,Flare::9,Flare/9-7.tif,images/0690.png,b5991710985b455c749bf89aca5c02299f6a86f67615e72c744626f387794f83,fbc37c380f4da3a7b7e8cae51b4cfcbefa6972d98b6442f8f1e9f54ecabe57cf,320,561
70,700,Harem,Harem::1,Harem/1-1.tif,images/0700.png,3b9e7058c23f72d26ce53d6a7fb0a0578c20f4cb6313773c04109545ca5e264b,37699198fdf7a52f9b147e5ff291392e399e24dbf4c905bdc40e6f6c1935c9ea,402,574
71,710,Harem,Harem::10,Harem/10-1.tif,images/0710.png,ec2263fe71785262951a62b5c3d1a2ff67af3e45dc6852a3b064bc7cd163f9eb,fce416eaa78af8ac8ebe8710cf99d56835a0689f45dae743f4e9bd5b686ae280,426,712
72,720,Harem,Harem::2,Harem/2-1.tif,images/0720.png,89d99c28dca216f0a75a7c6b809f302b90dd3d89b13f1c0a6c1754e6029455df,f85e013a8ba31b759bde3f5f9f99b8199fb05dc270b14b273681e2f7f1003ed8,393,639
73,729,Harem,Harem::3,Harem/3-1.tif,images/0729.png,d70e7819274642d2fd30dfd8d515772771f4b7b66f98a3523105c9d1d09349bd,dacc9bac5c762f1d8696de614744341d49f276dc39d8fb72c102e760c6b5eb14,470,596
74,739,Harem,Harem::4,Harem/4-1.tif,images/0739.png,15a09820d0df55207f7a60e0040890d620803ac77445c4cf73c6ed3faf06b5d0,cb5ffe77257f2abe034738f0c78ba185ac2f91de7bcdced377050dd91b9841c9,253,550
75,749,Harem,Harem::5,Harem/5-1.tif,images/0749.png,f7015cf43dd02b91150aa371ab5be33c90a67b159b4869f0df16d519237d583f,590d515a06159e50724d23cf8410c7895dd9179f5128e7a2c61f0ddb31b1eb68,263,708
76,759,Harem,Harem::6,Harem/6-1.tif,images/0759.png,b7ddb3bac54b201c5c6fe5064cef73013227137dab0b5ada2966297348a199bc,992117b129973cb46af349a8bccc76880d681d3ec4e166485519a81979c496da,389,676
77,770,Harem,Harem::7,Harem/7-1.tif,images/0770.png,120cf14cfb668459a5d706139e14e3c6f86697dbd9c918d948ec24dcc02faaa0,e924851a10ae284d7f15febae194062834ad396b72bb7847a6ccbef67b01a44f,280,663
78,780,Harem,Harem::8,Harem/8-1.tif,images/0780.png,6afbc66f41e5330ec4c6a2ccc0a5598de17445fb2ddaaa20a32fdb86b6edcc33,824fe5e6147ad79c7bfa4aac1eaa987dddbc3c887e528481b646e04b6b0a1e5d,364,562
79,790,Harem,Harem::9,Harem/9-1.tif,images/0790.png,05f2511397abac4eb3700f40e462f15b9aa75e4598dfb6fedbbeb00bec1742a0,601f77680d12d5df72fee7ae8efecef95c7857d4752db75a349264f59106da4a,345,623
80,800,Hoodie,Hoodie::1,Hoodie/1-1.tif,images/0800.png,4bc2535dc00a3ed1b45b4b64fe716337cd5071d862d110c13176fc09dd404ec9,ff6e2b16521a97d55b2878c7d9c406be74daf5d076aea465460eaeaed61f1fa8,470,590
81,810,Hoodie,Hoodie::10,Hoodie/10-1.tif,images/0810.png,c4dd40ffeb69c67f07c959c758f52e9f9fd4c2d18f3047f87fd4e0173a2e1249,3b7654bf3c230c205f63951661325848553e5f900011ecf59737806529b7cfc2,419,656
82,820,Hoodie,Hoodie::2,Hoodie/2-1.tif,images/0820.png,159bc8becbbd07587ccdfeb3012e11e450fbb72a9421a8e31c76a8867d9b6168,1488b801a10eba1f3b3780492c7545a06795e31592bba9a20df5cd18e27442da,408,627
83,830,Hoodie,Hoodie::3,Hoodie/3-1.tif,images/0830.png,7709dccddd0d7906985ebac18e3aca044404c4a96a46f06f7422e8692e46aaa5,66e36ca33339d5feed71346ea4986c86273f3764bc371a7b5fa2a9d3e5818f2a,467,560
84,840,Hoodie,Hoodie::4,Hoodie/4-1.tif,images/0840.png,41e6175ffb505b63a9c3ad56fd2793a48ddea9f3fed662e795e8c1c26f28ab93,7ca70b8d1f16d0ed6984e22dcb8e05789a26799f7a96f5164cdbfbe4b67f0236,384,463
85,850,Hoodie,Hoodie::5,Hoodie/5-1.tif,images/0850.png,d5d735d2bf4fbfb55eb0a8b507d10c5dcb485a1b7ce5331630f506fe17b24c4f,77262e9a559b8927b6e03ae10e1fc8e8c459b995f254efeb01e9eab8df4de2a9,441,751
86,860,Hoodie,Hoodie::6,Hoodie/6-1.tif,images/0860.png,37f2053581eca0731145cc27e9f0bf6c9e5d2c15bc441efed6eeaafa161a0c6b,69d1b810f6248bd581f1c076b68707163b3b53f53c51136d5b6f6dbe61429b15,481,504
87,870,Hoodie,Hoodie::7,Hoodie/7-1.tif,images/0870.png,9121b514af5a028b102ad31ea10d5c1ab5e8f3a85dd0ef98c4d382c22fafa139,0ce1b6ef6d05b9dc5e68c3aa3551a7eec7131b4f131d1cf4db51ef1f35533e25,446,407
88,880,Hoodie,Hoodie::8,Hoodie/8-1.tif,images/0880.png,15abc412b06040b3a468e63e4ecc7f4b0a5265eb80a5e9a24f5d3afce6d43522,8113739e7d3b2e641a43a979b22855a01771fb50b14140e2f9743187cfc290e4,406,504
89,890,Hoodie,Hoodie::9,Hoodie/9-1.tif,images/0890.png,dee3a992310d8deaf09418e7059b439771e759e50d19436ad44dde6180dad05e,21a8e92b8cb6ef5ccb378aba70ee80626d698247d2a194dd5a358c150a166c6b,528,548
90,900,Jacket,Jacket::1,Jacket/1-1.tif,images/0900.png,b9a41ffe920a621db46becf010438dea9748c9616d08d45a382f75a2062d417b,03556a3fcee0cdbf0452c5cc407266a36ccb15005f68228d1e049d0059f5213f,446,546
91,910,Jacket,Jacket::10,Jacket/10-1.tif,images/0910.png,f4078e309d336182d064fb5fa93afe8ca8fa47613657c090c2bf75b7c8fcf0a9,3a810a447135dd62f45f3e53dc4f3c22a3960f7ee8d93b9d5aae09562ac5736d,467,544
92,920,Jacket,Jacket::2,Jacket/2-1.tif,images/0920.png,9db5447e20dfa042a3977cbbd792ccd6c67b73b37ee9d65783525eb487ac45eb,97ec1ea7582f81aa8ff0fee0864c053e2ab0a3f616709337a612e33739747b3c,475,517
93,930,Jacket,Jacket::3,Jacket/3-1.tif,images/0930.png,ce2bf2a97c05d10bb4eeef1f91f4be60c5ff458e9a59302be49de450aa067001,28a2d9037c8ceaaf309808e1263c4ea498f5de60770d31d3215ea34881a33bce,329,406
94,940,Jacket,Jacket::4,Jacket/4-1.tif,images/0940.png,f6106bc7980867d25b2a5e60f87568a68b69601dc01640633e63a6f1e776ce12,1b895c12a9f9691eb8cb09019cd42f10444d9d1754ac9e4fc8c4516f4e857776,488,540
95,950,Jacket,Jacket::5,Jacket/5-1.tif,images/0950.png,5bd20ddac42d9c826f475a204d6b51b2ed3d84acfd88749f8632bb17b862de18,2fcb95ab77e45c3e64d68db19177cee8abdf07703ae7ec4a629330b51fc7e9de,380,530
96,960,Jacket,Jacket::6,Jacket/6-1.tif,images/0960.png,6d700422bb5ee2bd853d3f5bb34ccd05ece9a3004b9217711c7f385ac467850c,05708cf7b55e01c34beaab9879636f257684141efd795bd1a49a2c1fd23d5dac,434,464
97,970,Jacket,Jacket::7,Jacket/7-1.tif,images/0970.png,a8001156016bda28b73a87d9974ad2772b5ed11390935b60dd92c95cc6665042,6abd4653efb6cc8be4ef16621e4d6fc663726d65715cf45c47e23ad7ab45d29d,482,488
98,980,Jacket,Jacket::8,Jacket/8-1.tif,images/0980.png,8d73277a8c2b28e0dcaa533d4a11f1d7f87f9e2abf17940ede666ad435182c55,c31c2a1c53704a59db721d2ca1ddad484b4991a32713993aa138d84f000308ea,370,488
99,990,Jacket,Jacket::9,Jacket/9-1.tif,images/0990.png,edad4d654be5866f30fef35abc587ad854a904f8cc63a5f4b6ed8da328acbea2,4869566bd10c303d3623a8d31fb6ec1c509ae6df9f0c63c60c9efbb791914854,451,432
100,1000,Jumpsuit,Jumpsuit::1,Jumpsuit/1-10.tif,images/1000.png,0f3a7abd5dadcde723e51650f37f3523193571b6e451ba22aab0a012e032e005,5a56f69af390bb322edb5b6cf0e7453db4ababa25f3def37d0e7316ad9606011,286,770
101,1001,Jumpsuit,Jumpsuit::10,Jumpsuit/10-10.tif,images/1001.png,70ffdfc9a53564f6a1ddeb846626748f6e7827d240edaafd6e5b6d6bb0c42d31,9cb74eba82ba5fb4cc9b79ccf22eaf019ca746c9c387e7568f5c358bfdca10f5,292,751
102,1020,Jumpsuit,Jumpsuit::2,Jumpsuit/2_1.tif,images/1020.png,fd40ec578a6979dc0379ac8ecb6fc91cdb184f0feaf1f05840f8690e413b43c6,9b0f6087316ca0a72300498cd265425ace16cb5bc60a157f1eef5265c034e938,279,709
103,1029,Jumpsuit,Jumpsuit::3,Jumpsuit/3_1.tif,images/1029.png,79f967d9564c2fccec435bc023d9e3052546f6829a319acc316699cbc995291f,2800c5958dad8067009739cf68916bf9808d581c516fcea5d237caa5132294eb,421,998
104,1039,Jumpsuit,Jumpsuit::4,Jumpsuit/4_1.tif,images/1039.png,971c36c0525fef88edaf37d56b2fd845a00dc4957eae49a357fd74b6867cf346,f5074f657948fd0850b4e9bcfa40cc322ef8a669107287d0077b4052e0505e72,453,860
105,1049,Jumpsuit,Jumpsuit::5,Jumpsuit/5_1.tif,images/1049.png,ffa05943ff883567b92e1e103fbc6caf6a0cc2eba7907e06ea86b146476406df,36663f61b2a0a6738c41138ae012122748ebf96ae95a5eb3bfdb608749fc6196,360,807
106,1059,Jumpsuit,Jumpsuit::6,Jumpsuit/6_1.tif,images/1059.png,299966b5886c9df33e59d0667306d65a60c223fb7e914c38e332d1fd65039802,b3879cc69e58a9127b2b7de1b66d8c642ae753a11d8aa5342e4b96a643bd9f33,331,740
107,1070,Jumpsuit,Jumpsuit::7,Jumpsuit/7_1.tif,images/1070.png,376e177be9175484f3ebe137664355b2c43a62b8de630d922211384f94dbd610,0d80ae761d6c14be5b9326b106a61c8930ed655aabb3fcd99ea68db6133c3961,407,908
108,1080,Jumpsuit,Jumpsuit::8,Jumpsuit/8-10.tif,images/1080.png,a94217ab4778b513a9b4d4a4365e1c69e9c8cbf76e18299e80c31d7916cde9f7,daa9c95e6c8c3098413855dc6719187b445130b1eda186a8437ce9954473e24b,325,763
109,1090,Jumpsuit,Jumpsuit::9,Jumpsuit/9-10.tif,images/1090.png,6d19f95088ae8f15a4067aaf0b36be5230e803742ba916cd9cd6560fa3db8945,3e0758452467f801f2cfbfeada0b553d22c39cb8531462277cab83ae26171863,244,821
110,1110,Mermaid,Mermaid::1,Mermaid/1_1.tif,images/1110.png,0a98459d089fdf64f1e1da3000224b4fdb9ce4d57ea01f668d984bad05ea30ae,1f75be1aee1f08f2bd88443483a18c43e8e103864cc3ecc48b461b879cef2192,291,738
111,1100,Mermaid,Mermaid::10,Mermaid/10_1.tif,images/1100.png,51dbe1b4de0809e45a8419ec875848317145bad45a307450b855ac4f0970c16b,467c4ccfe369ec08a751218a00e8fa549edec0e8c1f78d23140204e07b203d16,355,543
112,1120,Mermaid,Mermaid::2,Mermaid/2_1.tif,images/1120.png,d913bdb3222f8d40cea43c5f429ac29a01d30140dd6b3009200b7b3f4bc5d691,4d761847cadf50915d332aa96aada4c1ea27ac2a7229ffb3f37874d2d801291a,365,620
113,1130,Mermaid,Mermaid::3,Mermaid/3_1.tif,images/1130.png,6f1ebfc04f292200e99b3cadf1f6be5dbae28024eb046fa97da8932b690f8369,2f35616b03dc6fa7f3604f9d17afc13e2c015671d4d44a45c0226d1d954581f9,326,545
114,1140,Mermaid,Mermaid::4,Mermaid/4_1.tif,images/1140.png,bf1c2993ef858280f26ba0a69b8191887fb66f51f1652c980a2d3dcbf295d543,727cfe94331b07aae03f308707f05851b3454a1c317dd85515a8b53f3c8a9363,343,698
115,1150,Mermaid,Mermaid::5,Mermaid/5_1.tif,images/1150.png,b8a3b13e0eed2eff3a165cd383b15927e01c9198f5d01837ee32ec29a84c1d98,82f3d26f8e3fad08a9e9aca6a3a6e45f2b5f2f15a5aacef1c43358424279ca1d,309,595
116,1160,Mermaid,Mermaid::6,Mermaid/6_1.tif,images/1160.png,8c99cf89b78c2e4a2652d7b2a440dce6a5812d99195659bb0782d9c61b05c50e,df42c806cf4b6b887cdb28391e851eb565459e58230c6c3f546ef4dc596834ec,315,665
117,1170,Mermaid,Mermaid::7,Mermaid/7_1.tif,images/1170.png,9d4fe3aa98a129a568c886b678389ce0ba942b47b4701e631db2e7969f57195d,7de866013d8330c1c9e0b39a72e61bc278f71a98edba31bf47d2d0fb81085edd,395,768
118,1180,Mermaid,Mermaid::8,Mermaid/8_1.tif,images/1180.png,e91a9d7645e782a95cfb62c69d082bc8807a0fa26ba3ee862502304efd77f4ba,5f1c0f882a7462a3e3223678f2e76ab4b271597ea5d7af6d99e9dc97152ace27,314,612
119,1190,Mermaid,Mermaid::9,Mermaid/9_1.tif,images/1190.png,7c7f3a3b6dd93f1f648f8639d4c3de3078cdfb1b73a585ac3daefb02b693b6af,f7cf5ac020830f0c4b4a9391359e32e4548cc1febb2b1a763471af7e1c3277b8,316,562
120,1210,Mini,Mini::1,Mini/1_1.tif,images/1210.png,7bce513330d0fab807608586a670a4510aaedb08a813682dcd2420880abc75fb,1ad35e60ac7f5ce99996bd7749dc61c1caf35015c662c825c37751adcbee6639,308,358
121,1200,Mini,Mini::10,Mini/10_1.tif,images/1200.png,816ba9bf2b9ec7b5561479f049c3527ebe2cc707bd5c5de45cdbe2ea5a643be9,aedddc4182585ef94726795c924d8ac21ef4fe6d86efccfc9ad857af0d98a2b1,412,369
122,1220,Mini,Mini::2,Mini/2_1.tif,images/1220.png,8dd12a660060082e7a653729624a8be17a116e34f8a51a9af14522430225d1c8,5af4350c5e36098344f6ccede4d4462d746fe405f11d08160fe0ac58322814b9,345,306
123,1230,Mini,Mini::3,Mini/3_1.tif,images/1230.png,42d7442a99f637e33bdc37b06a16ce4b54a1365413e989590696204307e6e7f9,f859cf336cbad72ee3ddb9bffff96ab6ff176a0d48225904d31f3404f1780047,353,299
124,1240,Mini,Mini::4,Mini/4_1.tif,images/1240.png,4f779e79795c1fe1b4d8f39c9e796d6282b09a258c9d827246c42a12b6324297,a0739ba758bec34949ab6735d1954e0f13d64e723fb20f8f795eddf4c95041df,322,435
125,1250,Mini,Mini::5,Mini/5_1.tif,images/1250.png,276790e7219f34dfc60d691e216789e9d9fc30dab26dc31939b48d5b33261908,71834583dc403ac345fb3493fd2793253f399de449d09e5024dd23a704e07aa6,368,307
126,1260,Mini,Mini::6,Mini/6_1.tif,images/1260.png,baf708dafe660c08c2e51d995dc998ad02307cb96848177f100b59304576e838,e536de49b7c202473f99bb821c8ca9b653089cf7b06db944687ba5c8ea79743b,272,323
127,1270,Mini,Mini::7,Mini/7_1.tif,images/1270.png,cf0cc32208109ef5f985f621dab81af6517062dc9d5fc2b5d4b89dcb485049d5,d7ec3bfaed32a3ec00f4b6a9ee0935a6415f193e8395c85943b47aa0f37bf8eb,349,313
128,1280,Mini,Mini::8,Mini/8_1.tif,images/1280.png,411fd587b2e5a97f26b5be969078796b9a3aedc3487a3ead5ab2b107975497b0,445c537c1a7ef07a5a82ffbd487b2510fbcb25b6496bb84fa8c7e7ebeb23edf2,294,579
129,1290,Mini,Mini::9,Mini/9_1.tif,images/1290.png,8cbe586ac98651f633fd26ce0252e6ebf202a8e6612906d4a6e5423dbf122bdd,683334a3718946f419a8404277bb4986aaceab59641e760e69fc1caa052b77f4,269,425
130,1300,Pencil,Pencil::1,Pencil/1-1.tif,images/1300.png,6629551a54cbe4d2201eeae84ffcbd5067df482e175ee2f90917fc0c441dcae2,52640832f33d3d8bd57a1aaf489c96baecd808240383f795b22bd8961183ccd3,197,442
131,1310,Pencil,Pencil::10,Pencil/10-1.tif,images/1310.png,adb3a1e6dfb9f6dc06b22c91c5db20e72484be79b5c6c8673efc2c2cfc0841b7,62da99f62bd147c6269f0e60d3a0d91f1df1cb3c9f775d8b220e8a4b2703f5ac,253,658
132,1320,Pencil,Pencil::2,Pencil/2-1.tif,images/1320.png,fc6a49d85955d0437a600339f0ddf989b188f7424239f93b8110ad53a31e70ec,bcd2aa7e5c986706c4ba03745d0bb0bf48e97939ea352f3e1e876049906bd414,336,568
133,1330,Pencil,Pencil::3,Pencil/3-1.tif,images/1330.png,c2cb45da4aec7ad4b72fc5ff273a388a3e74ca1b369dd2d3525bb0bb68429964,5b015809b9ac5e195ed8555bb83cd6c3ab05e12d43f01f0fe15fa5819d15faa3,318,660
134,1340,Pencil,Pencil::4,Pencil/4-1.tif,images/1340.png,24a800dc6ee57502873d2bbef3d1004327e79ac64f4e8c4b2aebfd8a02a3be76,f23fd99eb1969eaa4f1a1e8e58ed5de90f188fa6476e6a15c74b409d2eedc35d,319,707
135,1350,Pencil,Pencil::5,Pencil/5-1.tif,images/1350.png,2404e3f096965fce2aedb3f3ccdb62b93d9d67bfa9ed4ea50f3ea6b234d28c07,25f81991e8bf6ae5c1aed5400c242b5d3ed6e0515c74a8217b8a89eb5d6720be,254,608
136,1360,Pencil,Pencil::6,Pencil/6-1.tif,images/1360.png,641e098a6944726a8eab25a19977ea492408494b42b66bcd06b5a0b7c9ec5b94,880edb838cc33077e3507fe0edb397dbef3055072f4b1cabd7f6e0cab4202c35,315,663
137,1370,Pencil,Pencil::7,Pencil/7-1.tif,images/1370.png,7e4d0c8531e784365e39dbab5010a9a1f2aa9587ac1c18fa0cfb306891f9de43,dd3a3a53b08ad93706a2e70c4bda9024e5f4fd724da9734cd35a733321636362,302,584
138,1380,Pencil,Pencil::8,Pencil/8-1.tif,images/1380.png,b93561d2937fec50a352673a9f4ebd1a2a355624fba2be33cf26feeb5196cac1,f97176f86126a3b081a500d9dbd7f971f52e6cc30f1d3e1452f08a78a43e1641,269,719
139,1390,Pencil,Pencil::9,Pencil/9-1.tif,images/1390.png,e39b70ce1f139e8961cd0265554fd9501620d8fb416f6d798d77dbac721e41dc,89275826fc4abd36b2723a686199588fd60a03f0ea7a17a7ed8f4f7b0b4c4da9,234,624
140,1410,Sarong,Sarong::1,Sarong/1_1.tif,images/1410.png,97e019f9fff26851ca36f8469b5d3b339e4022c1b023817653a99ba0f2b25667,a80a4dad4b6d0e7d131f80a41f9e6ee5632dfd59de98944de80b638043745291,255,577
141,1400,Sarong,Sarong::10,Sarong/10_1.tif,images/1400.png,0a36e22e14b67d0c90fa53ab4dd7c9dc49685f257d3d973c07d57ea386f8243e,50a9f0136fbb3a42effdf37dda18b9ee50002d04d5fe86d6382b7e8d92cd48d4,303,673
142,1420,Sarong,Sarong::2,Sarong/2_1.tif,images/1420.png,17d348960d8b26a61cb080aefc2c87d7dd3e9a1bece7e0b2d35c61f0b7d4ed3c,5ce2a4420557b4578580a3164f4e275f6ea38fe0b683248caf35d6c368b06c36,233,503
143,1430,Sarong,Sarong::3,Sarong/3_1.tif,images/1430.png,3c02eba87e0a3665520d1240474c10f4e0f05b0b9c43da08f842fe195858e4a9,c8708eb8ce1bab268e18e7e1e7fe3e1023fe7c9b3b3b2da071b27212e8a3e556,253,599
144,1440,Sarong,Sarong::4,Sarong/4_1.tif,images/1440.png,ceb3e9ff6926afdfd958f572512a996ef37d424f025eacea925dd46573ad5dc3,6b7b0ef756d32c35bd6d95b8cdff062a15ca7471b78dfd0ba8e06fecd2acb703,296,590
145,1450,Sarong,Sarong::5,Sarong/5+8.tif,images/1450.png,b3d00f7632e0e44875b70e931bf0b9d13862fc44ff7cd021c98b28423e44c8f8,4d4cd7a4e57abdd2b123a5c782b0869b17bcce2855e97d9961f9808601116c18,290,774
146,1460,Sarong,Sarong::6,Sarong/6_1.tif,images/1460.png,9fc63a7ef30fcef19865188fa593b4decd89772213b8a2f046478a963b0f2a09,32d913482e2d6347f646781c24ea0a2b5cfe92c18d4c8aa34ab8cabeed577636,238,372
147,1470,Sarong,Sarong::7,Sarong/7_1.tif,images/1470.png,2d0bd6557822ad2b00c5ba8bb00d21406de097a89c3a057e89fad6a1aa0e3eb4,73c7fb4d9331cfa9abaf541c8ec5e6be59fade41d7adfe52597cfbf4465c173f,228,577
148,1480,Sarong,Sarong::8,Sarong/8_1.tif,images/1480.png,5d6da41d994b26b2e9e4dc3ea167c52f1cfe0a90c56d2c9e731ff8c8629d9a59,ea818f74f645a2028e0683ffda9da989aa97ee10a198d12a03d0c23a366b4f2e,249,686
149,1490,Sarong,Sarong::9,Sarong/9_1.tif,images/1490.png,8bfca21370cd2bb90952ff71a23fdc4f6013109dbf8417126101e51f5e580395,a9b5939092b1dbd9f3e3267b0c9085eef29067eef47137afb5ca829a58c40ce1,252,642
150,1510,Shirt,Shirt::1,Shirt/1_1.tif,images/1510.png,da9226c317ac2bb297c61c8fbef82aa27f3af74688062ce92cf8fcc332a0166c,399505642ebac66da5632608adb75d4b92212bcec187434d780dac0a7d2cb954,455,433
151,1500,Shirt,Shirt::10,Shirt/10_1.tif,images/1500.png,8828f70266ce1984fd0c044d5cef6fb866c26fa2192f9e21dad8cc53ce8f42be,d7efafa0f3c1b76f67d795bb431aea09a31fcb5eb53e7dab382ea1c9130526c9,525,536
152,1520,Shirt,Shirt::2,Shirt/2_1.tif,images/1520.png,c08a9bac02fe3bc9ad7db2784a606ebc8d10cd9021ef51fa75bf3e23a0320aa2,14230b4f1107b81eae00db30539d88cf1ced9829e3d5c7f737b30bac6c3bf268,488,410
153,1530,Shirt,Shirt::3,Shirt/3-10.tif,images/1530.png,c1309bb6a3f59a427336cb423dbc17e4d59a5418a688c916267d487ace720cf5,c3efd9962b8cb5959eec4e2c2a6db32dd87c02b7d74b73b28f1d44e0aa5c2822,420,412
154,1540,Shirt,Shirt::4,Shirt/4_1.tif,images/1540.png,a00978e0af3bdf7376e0e3799edbb3ffffdc9548312454f959383759c92b21ba,e7f8d0340bb1e1a5a0800f100398ed3fd26b1078bf27f26cab101d01b61b259d,431,690
155,1550,Shirt,Shirt::5,Shirt/5_1.tif,images/1550.png,294a548e1a4553a9fa5ad9dff7f1f096681a1d532eb6fdf28572d376cd2579ac,4bada9e52d6931bd2ac80b47ee09dcea643ca69cc71df3d0e39e8c979d890512,382,548
156,1560,Shirt,Shirt::6,Shirt/6_1.tif,images/1560.png,3ec288625af3494d108a61c2dd4f714afafd8f9689c0c6c09136bed6d50ceea9,a765e0f1fe2007c8ea6b5562bcff97e183d3f6f3a7a7a7441d484cde855981d8,357,493
157,1570,Shirt,Shirt::7,Shirt/7_1.tif,images/1570.png,8fd586522bbd7fcd9f56016d869df33371f723463964665f6776c91999c61fdb,298ceac58febca8cd935e1fd88e9f648835a97d2b005b342ce698cababe8d1b9,413,494
158,1580,Shirt,Shirt::8,Shirt/8_1.tif,images/1580.png,05afc426d2f676dc55daf8ef3bb037bfe2c7a4c77a6ae47ea2594e052748df68,353592095b37d358af432e1e6ffad5e005013a04dca45142986b0aa58860c5cb,441,519
159,1590,Shirt,Shirt::9,Shirt/9_1.tif,images/1590.png,c535bab6320ebb1d7d82f97d07f46bd66ae9485a76f4901a6ab41f425533a023,11d223b0c1557c8c750fecde7f9d5bcceeee6f563a489aef3de7370fe2095181,388,428
160,1600,Skinny,Skinny::1,Skinny/1-1.tif,images/1600.png,a330a9fd340b65c21d7d06085ba9431a6b82634eeae20e909c3bae2d7eab7e3c,29fda1d57a998fe43e5fd12ae5f12bf6bc70a0c9b59e8c62f0318b4814955eb2,270,554
161,1610,Skinny,Skinny::10,Skinny/10-1.tif,images/1610.png,217ab73a7375b3f1035e9f3ee5a3445b9b6515edbe10d62635e3bc6ce270ecab,f07e9bc7f6f1414627305bf633b0d9de349bda0a74cd41742855944e1c78af68,250,794
162,1620,Skinny,Skinny::2,Skinny/2-1.tif,images/1620.png,921ceeb5019f2c07852bcfced58dce6ec23dc29e339f78e42fa4d72031872c74,ad9bf058173426e43d672dabb87de52e58e397746896b961a8a58a89964540ca,449,848
163,1630,Skinny,Skinny::3,Skinny/3-1.tif,images/1630.png,33441e484464a8328dd191ce8f6042911b7d1c0680b130f674df2846f01acaf8,fd94781fd34faed1963365e5a01c54695089881cffe454a043a0e47a2dbd2451,281,630
164,1640,Skinny,Skinny::4,Skinny/4-1.tif,images/1640.png,dda600ee1e6554c912e5140750193bf065fff28866058295a3827ec661e7e8bb,27cfcc51048a99c2702973e781626ff066016b366e5f13d003ae772b01fa589f,251,738
165,1650,Skinny,Skinny::5,Skinny/5-1.tif,images/1650.png,3029eaf3f08b21ccc7b2aea3d4f09ff61f7436196989337c9cc4e1f49d0b3de5,2418abc10c60f2ff2ec666f72846d5773582858661c7f1c24077404be1493559,276,643
166,1660,Skinny,Skinny::6,Skinny/6-1.tif,images/1660.png,6ecb322e71e6193be44f3484cf4f5a49b1762d838f9897f3b964b231a36c1d98,309efa9722b162b44c0dde0307c75d7c56845b1b1171a2b82b5289f7fb50be7b,390,787
167,1670,Skinny,Skinny::7,Skinny/7-1.tif,images/1670.png,77d3c90a4677dd5694a5a1eeb534f179c2712a6703c8f84bbaa67808a9af6527,7a9cd6b8c42c35395dbdda93063f39bef1f62f46a1a2bf77e801518abff7be6e,347,686
168,1680,Skinny,Skinny::8,Skinny/8-1.tif,images/1680.png,62e2a2d0864a83a6106df2c573de1095c65d8af275828b4a43525fb99be92e70,d4ae84e406170ff1135cc37d2288ddf18cf77e5293fc2f7f176d651837bb6a29,275,813
169,1690,Skinny,Skinny::9,Skinny/9-1.tif,images/1690.png,f57d7bd992311f0bc663c9d3cbd94280f0234bd6ccd6bd425315f27a7c9be595,227488ebca34664feb6351b54526b333226951e62008d68e94cea1d94e7d76c5,255,924
170,1700,Straight,Straight::1,Straight/1-1.tif,images/1700.png,cd5b814e70b83a0efa9cfd98d4a0f4b4b96884de34d64e1b0c015e971a40a512,c747e0d6a3fa79085d0bae8a946aa219e670181aad3bd1d13a31fdcb95987f19,346,700
171,1710,Straight,Straight::10,Straight/10-1.tif,images/1710.png,20800369959968a9e18b7057feab48cfd6a6917a96eb591878e28e87cf6c483e,e3423c57c4f4988988d2e318d09ff0e38654c51dca0342d5e2493dd9c82c68e6,321,697
172,1720,Straight,Straight::2,Straight/2-1.tif,images/1720.png,0b30ecc21517dd8dcc8fd12b17937e5b9eb1a6ea457c16ffb0c7b9cb6b5fc320,f33aa1888993b09ffe9c6b260186681bc171e10e231e3fa7c756a7bcbfa59b91,282,630
173,1730,Straight,Straight::3,Straight/3-1.tif,images/1730.png,bb165d9463a3d9ca92a9d8596afac3a862668eed4b86cf82406278434df845db,81d3bdc9e581c4c855e79ba7bc9c11b657cc0f41c88339b03ad5dab21b7b5e7a,360,618
174,1740,Straight,Straight::4,Straight/4-1.tif,images/1740.png,61abcd5a9e6423c8fd8b33473c489f53a26152cd19c169a0377112eb45d77a79,ba30bbce8175a18e29f877085e5f7ba4dcd5838797f852492841582aadda02ab,382,609
175,1750,Straight,Straight::5,Straight/5-1.tif,images/1750.png,3d9a6c49d4d165292ff12ec0df62f0ee343a093aac8363f2115be569662d0b94,05e89c8d20c2260846c56fc6713dda77eae5086223df590017a948cc0b035dd6,250,692
176,1760,Straight,Straight::6,Straight/6-1.tif,images/1760.png,72b6ac849c485ba9ba8306ba3991edc3c419459e1dd19c03939cffaf68c8d9c6,70dddcaba6130ab737727a3052d014bb4b8920f123ecba1b5e0d8c244f864f30,293,480
177,1770,Straight,Straight::7,Straight/7-1.tif,images/1770.png,3be0d4b9d59b5a253465a42b7c54b5b581593c52c8931d332417d95756b53c91,818da0611a9e215e76cb2633b728a42dc56ae417a06a30ddd9ea6de241603a49,281,708
178,1780,Straight,Straight::8,Straight/8-1.tif,images/1780.png,43f5725ff9c2297bc7e22e8b7f93d135748fac5d5d2294d82d3daf57f2cfb4d5,92ed56b1cadcae30241125796849943d7cbff3436f9aaec9e5f17a88619593b0,284,575
179,1790,Straight,Straight::9,Straight/9-1.tif,images/1790.png,646c1a112d271610559f9f245269404141c67b49c075bb7c6eaa40a382803f9f,bb67e10fd4ac6d5fff82e61a45cba99d80d8a2eda1acd2a26528160293a93044,347,775
180,1800,Suit,Suit::1,Suit/1-1.tif,images/1800.png,580914acf7560a12cab94c8d99acc053376f0050bb81bf9c54dc487d27ce9856,2e66e0fd2edc173c9d4e48275aab23156dd55bb267a08f5d98fdd847edf0fafe,491,615
181,1810,Suit,Suit::10,Suit/10-1.tif,images/1810.png,e9b6bab6759f1bc64b4dec63c319209a0749286133e4722d5ba11f97e92427d4,c8d2619da78e9d025b13cc4c372cd4f2ac32398b2f7e28dd5901beab777a0501,428,752
182,1820,Suit,Suit::2,Suit/2-1.tif,images/1820.png,91f5a7065d0c2f3993bd13b2a00d6f6ce9211e538fd00de9bf0c1754f76cfe9e,96e9504b8b45e60bbf519b908762452a5e395ea4a2995b7c5c93eee9d52674db,555,544
183,1830,Suit,Suit::3,Suit/3-1.tif,images/1830.png,2f0c420035df0a802e4341f4dd7fabd8f45e31729f8727b38faccb76b7be827f,1b9a07e671f555555dd43794dea70ee4092df68fcf3c96091c907df20e9c2a2b,468,698
184,1840,Suit,Suit::4,Suit/4-1.tif,images/1840.png,2c08a2487a220f0120cdf7945f78695459bf71ae639dc4fbe679ee000cfd1b66,6efba1925d8031e3845e64f4637b3e776a001f4e6e1256f009351e9c3c91f76e,521,516
185,1850,Suit,Suit::5,Suit/5-1.tif,images/1850.png,16e8f2862b80d598bc21f1788b2b638522dd89f7fc2dacef6fd7c93a28d19eb7,42092d1fffd27e36da95b90937cecf5df858ee621604cce7bbedf798198eb758,345,583
186,1860,Suit,Suit::6,Suit/6-1.tif,images/1860.png,151a652bc502b3fc717f109b5796e49e90799d9e2d5ced8b48d0c9c2ae71df66,cc4b5059cf4c42fc684061e6890642962fd69ba6568aa5d1db8e1b5db23e8507,449,722
187,1870,Suit,Suit::7,Suit/7-1.tif,images/1870.png,7575212b8bced94a6a50f582aca8b1e01b3c0d32d87272b84942c8690f48de30,13c9c62ee3b9ceb04e775742eaf8e41c0b8303bee83ae92ebd72ef2dc03e1472,408,601
188,1880,Suit,Suit::8,Suit/8-1.tif,images/1880.png,ca93e58ce3c18ee62f2498f7355608f0328700dcd3520f317ee0de1f644d47ee,4c6dae34e28a227fd30d9c7c5a35d95484ce12a82737cce0fb2eedc4f29b11ad,406,673
189,1890,Suit,Suit::9,Suit/9-1.tif,images/1890.png,c0564f66419d5e8ab8ae7db24a72671ffe01033e72b30e71b7a0b92c6d0efc28,29f79aabe46494ce1338ce9115ed9a6a6d94d7a06b37fbd4df43808cd7fd36b0,548,509
190,1910,T-shirt,T-shirt::1,T-shirt/1_1.tif,images/1910.png,58b8d64f1c6feffcf3989e4369514edde4f0f30cb5385d3b8fae9fee47f729dd,29bb224e85b41fe5cc24b41eef1769bb4d8115af9991583dd158c8d4cd62767a,431,525
191,1900,T-shirt,T-shirt::10,T-shirt/10_1.tif,images/1900.png,d4a7bc7abc53a54eee3d90b1280e4a5b7f24425b2a9f1c6365b3730cda083568,747723392a210ee766a37afb418fbbe4825c11b2aec0e183d5b2dac2c0021d48,437,389
192,1920,T-shirt,T-shirt::2,T-shirt/2_1.tif,images/1920.png,1406eeec27f5194ca1419637484fd78470edce6072d18783db27f907786b541d,c5080364d60906137afe9fdf99e7982d333d1b77900e395cd1fabe8714534cba,447,469
193,1930,T-shirt,T-shirt::3,T-shirt/3-10.tif,images/1930.png,2558606bc6646dd1bb6578376533069afabfdf8bcdf491a16d8a06e07b142e44,a2e5c2a17604561697ac028b7ad3bf2aba8dbfeb3e52138adf667c500f061df1,281,376
194,1940,T-shirt,T-shirt::4,T-shirt/4_1.tif,images/1940.png,09260dc3e0f0cce3c55d9134123e02f23393ccbdbc9da642b582cb60cba2750b,858bc319b7094bdcc054e16913070d694537e53266b81f9b247cfe07c97b0ff2,418,370
195,1950,T-shirt,T-shirt::5,T-shirt/5_1.tif,images/1950.png,21fe96c2869e99689287e8f7cca2bc32b68f003768b07100c6051c2ba28f3046,97bacbb1c04171cf28f0df57442e11a8b4505b2df4894e2338b82bfbe11586ed,432,292
196,1960,T-shirt,T-shirt::6,T-shirt/6_1.tif,images/1960.png,b13fe187ae18ff91cf94360f5836c0034a868e8f830de9f956c36c5df106462e,bcf8741d1ec1c3379fba9cb03026c226c35d1bbafa8f78dca7c7b74df21663ed,464,398
197,1970,T-shirt,T-shirt::7,T-shirt/7_1.tif,images/1970.png,4e11d15fcf9054114a9f3fe9ccd6cbcde2bbca36de91484f06d0148f16b41a4e,8c34c8a73a2730af3fe6de78f906bb73c5cf1cae90255982a33a9ee9ebfe49ab,437,382
198,1980,T-shirt,T-shirt::8,T-shirt/8_1.tif,images/1980.png,160180618329a72e99d3fd880ddd680b3d69a3693a116079048204ff52ec9ef3,03498a826e27e7962840bb28e7552f97aaed65f90083dc74bd3b3b4876222d77,435,490
199,1990,T-shirt,T-shirt::9,T-shirt/9_1.tif,images/1990.png,09fd65451c8b555eba1961427f4db67a5cbb87c86d97f2cb25330007409c2add,5b3b55cc54885d13a048feeba580d1b1c56e65b3eb1236fa2eb0e3b9dc708e73,417,323
200,2010,Tunic,Tunic::1,Tunic/1_1.tif,images/2010.png,7a805f2a5030fb54b837648cc01d402c5353da6505f728449ba0c41f7b1a7f75,60fe1fe0de60bb6e624414b5812d5d9fc11cc5ce8c65a69d5728b5e82530a20e,408,529
201,2000,Tunic,Tunic::10,Tunic/10_1.tif,images/2000.png,c4a4ef585ab50d030e02e3fecf5bf481443d950ed3e5e8bad967626abff903c6,0de5e68b59f3472df342126d8fcf4b1fc34cfa8161e5bf4df1414807127172cf,357,619
202,2020,Tunic,Tunic::2,Tunic/2_1.tif,images/2020.png,b1d56f4ce945b32ded2031aa26e94fc65ad9405d323b761283a59f6086ba031b,67efd6e52161deda03f4dc4d8f3541dc39303bbd64eb38f9e1c75ab9017db44b,399,606
203,2030,Tunic,Tunic::3,Tunic/3_1.tif,images/2030.png,fa3f0c4f6b4e2ca86743e10769a6213de56cfe0845e3bfee6c7e65e0a9e3e77c,962f47be222c2b96c1ecc88b988e3ec258f362156ba49897101123ef6bbf1ed6,333,725
204,2040,Tunic,Tunic::4,Tunic/4_1.tif,images/2040.png,256b2e5fc85299f0855eac04738d1cb264e48b571cd66fb7b3e6b0c9b3f89023,307dbad4530858c4af54333f1c1241595995188a7fdbe1f5cacf1f1267987a25,390,545
205,2050,Tunic,Tunic::5,Tunic/5_1.tif,images/2050.png,8f7bc06a4d4ceea510d87588d14ded0dd3ea5d65f87f849b849110d901f739f4,12eb33f4b83f78b34ad3bbaa43206814ca66808e9f002fb22567a89233a6b9dd,353,520
206,2060,Tunic,Tunic::6,Tunic/6_1.tif,images/2060.png,dd6c3cadea0b09b2a1104609955448350b7df07e1a03cc2690b268aa0bcfdef8,6e0d37ecf44b22c6b76db9e10d43b351179b6f21e1c6126d8a338a6dc8e25e4e,404,639
207,2070,Tunic,Tunic::7,Tunic/7_1.tif,images/2070.png,a3c20417a887453a6d0e7fab6681ec76587ba0177f6258b94491231cd8425643,88ab789b3cc964e6d1db7cac1a3e163d6a678f61d3edb60d59776cecbd832056,361,674
208,2080,Tunic,Tunic::8,Tunic/8_1.tif,images/2080.png,9a4a0adb6b7650b9fa4574199bf97da5fe41cc48e14aee4c0c8773e44308554a,252f0da9ab8f3b5434aa1ddfb89101f69204075124d582fd3fc741d45920ada0,318,619
209,2090,Tunic,Tunic::9,Tunic/9_1.tif,images/2090.png,6e50366a82153c3263cd061d5285fa3425852746e89a9989efd4f50d665c241b,60a7c6dc75d35daa78de1937f11bacfe4b4ddb53dd576b201b232c3a43cbefee,343,570
210,2110,Vest,Vest::1,Vest/1_1.tif,images/2110.png,a5aff02bc1aa24e5950d207709c4dbde803276e68f799b361b7ec893b4f8b334,d70b1ed5f422b2ed467084360c1a017d78999fde829e795aa0b0abe7d1e01d2b,322,515
211,2100,Vest,Vest::10,Vest/10_1.tif,images/2100.png,a1aa90eabfed0dd3a8ef17a4cd3327452a5b5f162e924a0ccbdf37b10449a661,585a422944706bd32c64650f9f4ec7e15c0b109d6ef26751c9ea6582717f473c,267,423
212,2120,Vest,Vest::2,Vest/2_1.tif,images/2120.png,bb2a911196f8e1c23c763bdce9087f6a175bfc14dc0c3aefcefaf2241ef5e759,cd6e04804ad4f65aa929125046421263684229d3a158facc10c9a22651e210a0,262,423
213,2130,Vest,Vest::3,Vest/3_1.tif,images/2130.png,ead28cd6e568acff21eb1bfd6e89ad985380b9b848669fa951cb9ee056fece96,71076b4aeafe08ffd04435ce3fa40211951ee479af84e1486366628241d1fb2a,280,498
214,2140,Vest,Vest::4,Vest/4_1.tif,images/2140.png,b5bf8b187c1ea0c6dd74ec0536db9b5b41642ed08153d6a2a884fcd3de13949c,4005a36b4e69af1615a4a591437b571fa7b55265eaa084cec36395cb7261086c,416,676
215,2150,Vest,Vest::5,Vest/5_1.tif,images/2150.png,636e59271313e5bbf8f23fab7eda7a0b440cdee7446a40bd2ed44971b01bd9c1,380a3718bb09899285f4254276812a72f109c83d79b012e8c6ce13d1ecd40ab6,320,469
216,2160,Vest,Vest::6,Vest/6_1.tif,images/2160.png,56925eeec28fecd07ee717d6150f8f26d8ac15e01483a7c341c69b70cfd05035,31bd59ed66ddc8591586293b92fc810293f4332b826a496c82b4c41399028cfb,295,500
217,2170,Vest,Vest::7,Vest/7_1.tif,images/2170.png,7787036a24fe71c6317dcb4b09ace5305ad67f6808c7c9cba4bdeb9f74ca7063,f4f7f0e7c7d3b1464e76f09aa21e343af5ab5e3d3e7d9f6c92590b43689ed225,307,590
218,2180,Vest,Vest::8,Vest/8_1.tif,images/2180.png,f4b7b1bf88f65c0c9f76843f6ba6d21342ffbea855ae11b51928a817473d8571,669ac36e16ad6b9f4526e8c8531d3f9fd9be790d7f6c28c6c6f964e5b858e72e,330,507
219,2190,Vest,Vest::9,Vest/9_1.tif,images/2190.png,0a687429d2592dec620dd538e0fd77213c0d0b862a817f5527684c061d162255,ff64d6d888bdd4c65287e1d257ff7eb7b30ccdf64741f4b656f18d5e46f79476,287,445
220,2200,Wide-Leg,Wide-Leg::1,Wide-Leg/1-1.tif,images/2200.png,b01c1a8624066b7b4137d8b3c7c9a5bf3027ca0dbe456ffa2a897842841b65ca,7ef7ef0310e6595c4e233d51ff45303457a9f16ad5f4cf9de9c3ab7fb834b167,136,150
221,2210,Wide-Leg,Wide-Leg::10,Wide-Leg/10-1.tif,images/2210.png,e4f7d93fd245e693a4ae7b084981cc286794285a12949c15c43d80edf63d2f7c,a5e50d5666bb801651c85e716247af8adeebc6d1bb360f6b76f7d965b82b6af0,150,160
222,2220,Wide-Leg,Wide-Leg::2,Wide-Leg/2-1.tif,images/2220.png,7a71a8bf840879ac3f25077aa606456de730c48449383fc54c0a2288deb2bc35,f59e34a26896f0591020307cdcaff9690324478cf1f600c7ad699b4c6da43d4b,126,167
223,2230,Wide-Leg,Wide-Leg::3,Wide-Leg/3-1.tif,images/2230.png,5ac340a393b8f614ea7e49c6cf5b761c0fbab5b467c182cde4a0c363ab1c8062,c674a8c9e63819b7994127abd50c78a7b8f3c800eb22579fb64dc5b6a2f39d0c,135,155
224,2240,Wide-Leg,Wide-Leg::4,Wide-Leg/4-1.tif,images/2240.png,53197c3a522874f7ecfc4961790ba9f9ef4992ff5bf6c96fae15453f6f7200a2,f8214d21d91b9be9dd399a833237b787a5374d1cc5655da23def4aaa7b217750,137,170
225,2250,Wide-Leg,Wide-Leg::5,Wide-Leg/5-1.tif,images/2250.png,77143714a6897f42c0653ebda5e499108f9fed8c17719cee18a544ab5b441be4,5c62dfda0aacd4ee5f8b462a1990af1e6b8fbda7a83f5a11a170bf2f98fce348,123,169
226,2260,Wide-Leg,Wide-Leg::6,Wide-Leg/6-1.tif,images/2260.png,7d2eaf9a2b82ba38caaa85cfc5d5a89143ce1592c76e986143958b57000356d0,f3d7bf97637df4fb26bf0631cec60c1304ec87dbaac62abd973435cb96c0b265,116,161
227,2270,Wide-Leg,Wide-Leg::7,Wide-Leg/7-1.tif,images/2270.png,0dc1aa0be7aa4d7e99eb5dd32b178471f3aa0f897dc8c0bc6ba11f4521261f92,c5f5e61c8c7669311a8a27cd71dc04d803f119ec2674ac0d2aa257c5b8227932,126,178
228,2280,Wide-Leg,Wide-Leg::8,Wide-Leg/8-1.tif,images/2280.png,be69bec6a4ddbe2113ce9463af8e2dc345f5baa73f252fab2e85b434ff70fd51,ddcab02c63afacbba30baec0eefbd0c5aa57f32c6753165b4ad9917050061a71,105,151
229,2290,Wide-Leg,Wide-Leg::9,Wide-Leg/9-1.tif,images/2290.png,fb6bb2dc423d30842af1d6946429f5a8d3018a2d4fc05c452946d3c2781e785c,938205f8e946b784ab8c8e145303f41ad114f10075eb8d2b79ad0cddbb04386d,160,170
