garment_identity,selected_relative_path,selected_row_index,lexicographic_minimum_verified
A-Line::1,A-Line/1-1.tif,0,True
A-Line::10,A-Line/10-1.tif,10,True
A-Line::2,A-Line/2-1.tif,20,True
A-Line::3,A-Line/3-1.tif,30,True
A-Line::4,A-Line/4-1.tif,40,True
A-Line::5,A-Line/5-1.tif,50,True
A-Line::6,A-Line/6-1.tif,60,True
A-Line::7,A-Line/7-1.tif,70,True
A-Line::8,A-Line/8-1.tif,80,True
A-Line::9,A-Line/9-1.tif,90,True
Bermuda::1,Bermuda/1-1.tif,100,True
Bermuda::10,Bermuda/10-1.tif,110,True
Bermuda::2,Bermuda/2-1.tif,120,True
Bermuda::3,Bermuda/3-1.tif,130,True
Bermuda::4,Bermuda/4-1.tif,140,True
Bermuda::5,Bermuda/5-1.tif,150,True
Bermuda::6,Bermuda/6-1.tif,160,True
Bermuda::7,Bermuda/7-1.tif,170,True
Bermuda::8,Bermuda/8-1.tif,180,True
Bermuda::9,Bermuda/9-1.tif,190,True
Blouse::1,Blouse/1-1.tif,200,True
Blouse::10,Blouse/10-1.tif,210,True
Blouse::2,Blouse/2-1.tif,220,True
Blouse::3,Blouse/3-1.tif,230,True
Blouse::4,Blouse/4-1.tif,240,True
Blouse::5,Blouse/5-1.tif,250,True
Blouse::6,Blouse/6-1.tif,260,True
Blouse::7,Blouse/7-1.tif,270,True
Blouse::8,Blouse/8-1.tif,280,True
Blouse::9,Blouse/9-1.tif,290,True
Cardigan::1,Cardigan/1-1.tif,300,True
Cardigan::10,Cardigan/10-1.tif,310,True
Cardigan::2,Cardigan/2-1.tif,320,True
Cardigan::3,Cardigan/3-1.tif,330,True
Cardigan::4,Cardigan/4-1.tif,340,True
Cardigan::5,Cardigan/5-1.tif,350,True
Cardigan::6,Cardigan/6-1.tif,360,True
Cardigan::7,Cardigan/7-1.tif,370,True
Cardigan::8,Cardigan/8-1.tif,380,True
Cardigan::9,Cardigan/9-1.tif,390,True
Circle::10,Circle/10_1.tif,400,True
Circle::1,Circle/1_1.tif,410,True
Circle::2,Circle/2_1.tif,420,True
Circle::3,Circle/3_1.tif,430,True
Circle::4,Circle/4_1.tif,440,True
Circle::5,Circle/5_1.tif,450,True
Circle::6,Circle/6_1.tif,460,True
Circle::7,Circle/7_1.tif,470,True
Circle::8,Circle/8_1.tif,480,True
Circle::9,Circle/9_1.tif,490,True
Dress::1,Dress/1-3.tif,500,True
Dress::10,Dress/10_1.tif,502,True
Dress::2,Dress/2_1.tif,520,True
Dress::3,Dress/3_1.tif,530,True
Dress::4,Dress/4_1.tif,540,True
Dress::5,Dress/5_1.tif,550,True
Dress::6,Dress/6_1.tif,560,True
Dress::7,Dress/7_1.tif,570,True
Dress::8,Dress/8_1.tif,580,True
Dress::9,Dress/9_1.tif,590,True
Flare::10,Flare/10_1.tif,600,True
Flare::1,Flare/1_1.tif,610,True
Flare::2,Flare/2_1.tif,620,True
Flare::3,Flare/3_1.tif,630,True
Flare::4,Flare/4_1.tif,640,True
Flare::5,Flare/5_1.tif,650,True
Flare::6,Flare/6_1.tif,660,True
Flare::7,Flare/7-2.tif,670,True
Flare::8,Flare/8_1.tif,680,True
Flare::9,Flare/9-7.tif,690,True
Harem::1,Harem/1-1.tif,700,True
Harem::10,Harem/10-1.tif,710,True
Harem::2,Harem/2-1.tif,720,True
Harem::3,Harem/3-1.tif,729,True
Harem::4,Harem/4-1.tif,739,True
Harem::5,Harem/5-1.tif,749,True
Harem::6,Harem/6-1.tif,759,True
Harem::7,Harem/7-1.tif,770,True
Harem::8,Harem/8-1.tif,780,True
Harem::9,Harem/9-1.tif,790,True
Hoodie::1,Hoodie/1-1.tif,800,True
Hoodie::10,Hoodie/10-1.tif,810,True
Hoodie::2,Hoodie/2-1.tif,820,True
Hoodie::3,Hoodie/3-1.tif,830,True
Hoodie::4,Hoodie/4-1.tif,840,True
Hoodie::5,Hoodie/5-1.tif,850,True
Hoodie::6,Hoodie/6-1.tif,860,True
Hoodie::7,Hoodie/7-1.tif,870,True
Hoodie::8,Hoodie/8-1.tif,880,True
Hoodie::9,Hoodie/9-1.tif,890,True
Jacket::1,Jacket/1-1.tif,900,True
Jacket::10,Jacket/10-1.tif,910,True
Jacket::2,Jacket/2-1.tif,920,True
Jacket::3,Jacket/3-1.tif,930,True
Jacket::4,Jacket/4-1.tif,940,True
Jacket::5,Jacket/5-1.tif,950,True
Jacket::6,Jacket/6-1.tif,960,True
Jacket::7,Jacket/7-1.tif,970,True
Jacket::8,Jacket/8-1.tif,980,True
Jacket::9,Jacket/9-1.tif,990,True
Jumpsuit::1,Jumpsuit/1-10.tif,1000,True
Jumpsuit::10,Jumpsuit/10-10.tif,1001,True
Jumpsuit::2,Jumpsuit/2_1.tif,1020,True
Jumpsuit::3,Jumpsuit/3_1.tif,1029,True
Jumpsuit::4,Jumpsuit/4_1.tif,1039,True
Jumpsuit::5,Jumpsuit/5_1.tif,1049,True
Jumpsuit::6,Jumpsuit/6_1.tif,1059,True
Jumpsuit::7,Jumpsuit/7_1.tif,1070,True
Jumpsuit::8,Jumpsuit/8-10.tif,1080,True
Jumpsuit::9,Jumpsuit/9-10.tif,1090,True
Mermaid::10,Mermaid/10_1.tif,1100,True
Mermaid::1,Mermaid/1_1.tif,1110,True
Mermaid::2,Mermaid/2_1.tif,1120,True
Mermaid::3,Mermaid/3_1.tif,1130,True
Mermaid::4,Mermaid/4_1.tif,1140,True
Mermaid::5,Mermaid/5_1.tif,1150,True
Mermaid::6,Mermaid/6_1.tif,1160,True
Mermaid::7,Mermaid/7_1.tif,1170,True
Mermaid::8,Mermaid/8_1.tif,1180,True
Mermaid::9,Mermaid/9_1.tif,1190,True
Mini::10,Mini/10_1.tif,1200,True
Mini::1,Mini/1_1.tif,1210,True
Mini::2,Mini/2_1.tif,1220,True
Mini::3,Mini/3_1.tif,1230,True
Mini::4,Mini/4_1.tif,1240,True
Mini::5,Mini/5_1.tif,1250,True
Mini::6,Mini/6_1.tif,1260,True
Mini::7,Mini/7_1.tif,1270,True
Mini::8,Mini/8_1.tif,1280,True
Mini::9,Mini/9_1.tif,1290,True
Pencil::1,Pencil/1-1.tif,1300,True
Pencil::10,Pencil/10-1.tif,1310,True
Pencil::2,Pencil/2-1.tif,1320,True
Pencil::3,Pencil/3-1.tif,1330,True
Pencil::4,Pencil/4-1.tif,1340,True
Pencil::5,Pencil/5-1.tif,1350,True
Pencil::6,Pencil/6-1.tif,1360,True
Pencil::7,Pencil/7-1.tif,1370,True
Pencil::8,Pencil/8-1.tif,1380,True
Pencil::9,Pencil/9-1.tif,1390,True
Sarong::10,Sarong/10_1.tif,1400,True
Sarong::1,Sarong/1_1.tif,1410,True
Sarong::2,Sarong/2_1.tif,1420,True
Sarong::3,Sarong/3_1.tif,1430,True
Sarong::4,Sarong/4_1.tif,1440,True
Sarong::5,Sarong/5+8.tif,1450,True
Sarong::6,Sarong/6_1.tif,1460,True
Sarong::7,Sarong/7_1.tif,1470,True
Sarong::8,Sarong/8_1.tif,1480,True
Sarong::9,Sarong/9_1.tif,1490,True
Shirt::10,Shirt/10_1.tif,1500,True
Shirt::1,Shirt/1_1.tif,1510,True
Shirt::2,Shirt/2_1.tif,1520,True
Shirt::3,Shirt/3-10.tif,1530,True
Shirt::4,Shirt/4_1.tif,1540,True
Shirt::5,Shirt/5_1.tif,1550,True
Shirt::6,Shirt/6_1.tif,1560,True
Shirt::7,Shirt/7_1.tif,1570,True
Shirt::8,Shirt/8_1.tif,1580,True
Shirt::9,Shirt/9_1.tif,1590,True
Skinny::1,Skinny/1-1.tif,1600,True
Skinny::10,Skinny/10-1.tif,1610,True
Skinny::2,Skinny/2-1.tif,1620,True
Skinny::3,Skinny/3-1.tif,1630,True
Skinny::4,Skinny/4-1.tif,1640,True
Skinny::5,Skinny/5-1.tif,1650,True
Skinny::6,Skinny/6-1.tif,1660,True
Skinny::7,Skinny/7-1.tif,1670,True
Skinny::8,Skinny/8-1.tif,1680,True
Skinny::9,Skinny/9-1.tif,1690,True
Straight::1,Straight/1-1.tif,1700,True
Straight::10,Straight/10-1.tif,1710,True
Straight::2,Straight/2-1.tif,1720,True
Straight::3,Straight/3-1.tif,1730,True
Straight::4,Straight/4-1.tif,1740,True
Straight::5,Straight/5-1.tif,1750,True
Straight::6,Straight/6-1.tif,1760,True
Straight::7,Straight/7-1.tif,1770,True
Straight::8,Straight/8-1.tif,1780,True
Straight::9,Straight/9-1.tif,1790,True
Suit::1,Suit/1-1.tif,1800,True
Suit::10,Suit/10-1.tif,1810,True
Suit::2,Suit/2-1.tif,1820,True
Suit::3,Suit/3-1.tif,1830,True
Suit::4,Suit/4-1.tif,1840,True
Suit::5,Suit/5-1.tif,1850,True
Suit::6,Suit/6-1.tif,1860,True
Suit::7,Suit/7-1.tif,1870,True
Suit::8,Suit/8-1.tif,1880,True
Suit::9,Suit/9-1.tif,1890,True
T-shirt::10,T-shirt/10_1.tif,1900,True
T-shirt::1,T-shirt/1_1.tif,1910,True
T-shirt::2,T-shirt/2_1.tif,1920,True
T-shirt::3,T-shirt/3-10.tif,1930,True
T-shirt::4,T-shirt/4_1.tif,1940,True
T-shirt::5,T-shirt/5_1.tif,1950,True
T-shirt::6,T-shirt/6_1.tif,1960,True
T-shirt::7,T-shirt/7_1.tif,1970,True
T-shirt::8,T-shirt/8_1.tif,1980,True
T-shirt::9,T-shirt/9_1.tif,1990,True
Tunic::10,Tunic/10_1.tif,2000,True
Tunic::1,Tunic/1_1.tif,2010,True
Tunic::2,Tunic/2_1.tif,2020,True
Tunic::3,Tunic/3_1.tif,2030,True
Tunic::4,Tunic/4_1.tif,2040,True
Tunic::5,Tunic/5_1.tif,2050,True
Tunic::6,Tunic/6_1.tif,2060,True
Tunic::7,Tunic/7_1.tif,2070,True
Tunic::8,Tunic/8_1.tif,2080,True
Tunic::9,Tunic/9_1.tif,2090,True
Vest::10,Vest/10_1.tif,2100,True
Vest::1,Vest/1_1.tif,2110,True
Vest::2,Vest/2_1.tif,2120,True
Vest::3,Vest/3_1.tif,2130,True
Vest::4,Vest/4_1.tif,2140,True
Vest::5,Vest/5_1.tif,2150,True
Vest::6,Vest/6_1.tif,2160,True
Vest::7,Vest/7_1.tif,2170,True
Vest::8,Vest/8_1.tif,2180,True
Vest::9,Vest/9_1.tif,2190,True
Wide-Leg::1,Wide-Leg/1-1.tif,2200,True
Wide-Leg::10,Wide-Leg/10-1.tif,2210,True
Wide-Leg::2,Wide-Leg/2-1.tif,2220,True
Wide-Leg::3,Wide-Leg/3-1.tif,2230,True
Wide-Leg::4,Wide-Leg/4-1.tif,2240,True
Wide-Leg::5,Wide-Leg/5-1.tif,2250,True
Wide-Leg::6,Wide-Leg/6-1.tif,2260,True
Wide-Leg::7,Wide-Leg/7-1.tif,2270,True
Wide-Leg::8,Wide-Leg/8-1.tif,2280,True
Wide-Leg::9,Wide-Leg/9-1.tif,2290,True
